id,name,read,pattern,sequence,feature_type,target_gene_id,target_gene_name
SCN2A_241_promoter,SCN2A,R2,(BC)GTTTAAGAGCTATGCTGGAA,AAAGGAACGTGAATTAAGA,CRISPR Guide Capture,ENSG00000136531,SCN2A
chr11.4780_410_Gasperini_NTC,chr11.4780,R2,(BC)GTTTAAGAGCTATGCTGGAA,AACAGTCTGATAACCCTGA,CRISPR Guide Capture,Non-Targeting,Non-Targeting
chr6.1269_471_Gasperini_enhancer,chr6.1269,R2,(BC)GTTTAAGAGCTATGCTGGAA,AACATATAAGACTCCCGGC,CRISPR Guide Capture,ENSG00000124635,HIST1H2BJ
FOXP1_114_promoter,FOXP1,R2,(BC)GTTTAAGAGCTATGCTGGAA,AACCATATTAGGATGTGTA,CRISPR Guide Capture,ENSG00000114861,FOXP1
FOXP1_171_Flashfry_promoter,FOXP1;ENST00000649431::chr3:71306034-71306534(-),R2,(BC)GTTTAAGAGCTATGCTGGAA,AACCCATAGTAGAACTCCA,CRISPR Guide Capture,ENSG00000114861,FOXP1
TCF4_389_Flashfry_promoter,TCF4;ENST00000537578;ENST00000564403;ENST00000565018;ENST00000568740;ENST00000629387;ENST00000636400::chr18:55589778-55590340(-),R2,(BC)GTTTAAGAGCTATGCTGGAA,AACTCCACAGACTTCCGCA,CRISPR Guide Capture,ENSG00000196628,TCF4
FOXP1_128_Flashfry_promoter,FOXP1;ENST00000468577;ENST00000648426::chr3:71198382-71198893(-),R2,(BC)GTTTAAGAGCTATGCTGGAA,AACTTATCCCCTCATTAGT,CRISPR Guide Capture,ENSG00000114861,FOXP1
FOXP1_155_Flashfry_promoter,FOXP1;ENST00000648107::chr3:71289714-71290214(-),R2,(BC)GTTTAAGAGCTATGCTGGAA,AACTTGACTGAACTCACCA,CRISPR Guide Capture,ENSG00000114861,FOXP1
CHD8_70_Flashfry_promoter,CHD8;ENST00000430710;ENST00000557364;ENST00000643469::chr14:21437246-21437809(-),R2,(BC)GTTTAAGAGCTATGCTGGAA,AAGACGCAAAACAGCGCAA,CRISPR Guide Capture,ENSG00000100888,CHD8
ANK2_10_promoter,ANK2,R2,(BC)GTTTAAGAGCTATGCTGGAA,AAGGACGGTGACGTTGCCA,CRISPR Guide Capture,ENSG00000145362,ANK2
FOXP1_169_Flashfry_promoter,FOXP1;ENST00000648710::chr3:71359203-71359703(-),R2,(BC)GTTTAAGAGCTATGCTGGAA,AAGGCACTGACATCCACTT,CRISPR Guide Capture,ENSG00000114861,FOXP1
EHD1_85_TSS_pos_ctrl,EHD1,R2,(BC)GTTTAAGAGCTATGCTGGAA,AAGGCGAGGAGCGGGCGTT,CRISPR Guide Capture,ENSG00000110047,EHD1
FOXP1_145_Flashfry_promoter,FOXP1;ENST00000498215::chr3:71245365-71245865(-),R2,(BC)GTTTAAGAGCTATGCTGGAA,AAGGCTTGTATCTCTGCAA,CRISPR Guide Capture,ENSG00000114861,FOXP1
BCL11A_34_promoter,BCL11A,R2,(BC)GTTTAAGAGCTATGCTGGAA,AAGGGGAAGCTCACACCAA,CRISPR Guide Capture,ENSG00000119866,BCL11A
TCF4_350_Flashfry_promoter,TCF4;ENST00000675707::chr18:55423758-55424258(-),R2,(BC)GTTTAAGAGCTATGCTGGAA,AAGGGTGACTGCTTGGCTG,CRISPR Guide Capture,ENSG00000196628,TCF4
SHANK3_278_promoter,SHANK3,R2,(BC)GTTTAAGAGCTATGCTGGAA,AAGGTGGGCATCACGCAGT,CRISPR Guide Capture,ENSG00000251322,SHANK3
FOXP1_97_promoter,FOXP1,R2,(BC)GTTTAAGAGCTATGCTGGAA,AAGTGAGGGGCGTCCAGGC,CRISPR Guide Capture,ENSG00000114861,FOXP1
negative_214_Horlbeck_NTC,negative_control,R2,(BC)GTTTAAGAGCTATGCTGGAA,AAGTGCTCGCAGCAGCCGA,CRISPR Guide Capture,Non-Targeting,Non-Targeting
BCL11A_38_Flashfry_promoter,BCL11A;ENST00000489516::chr2:60550926-60551426(-),R2,(BC)GTTTAAGAGCTATGCTGGAA,AAGTGTGTGACAAGTTCCA,CRISPR Guide Capture,ENSG00000119866,BCL11A
SYNGAP1_289_promoter,SYNGAP1,R2,(BC)GTTTAAGAGCTATGCTGGAA,AATCTGGGCCTCCCGGAGT,CRISPR Guide Capture,ENSG00000197283,SYNGAP1
SCN2A_260_promoter,SCN2A,R2,(BC)GTTTAAGAGCTATGCTGGAA,AATCTTAAGTTTTCAATGA,CRISPR Guide Capture,ENSG00000136531,SCN2A
TCF4_363_Flashfry_promoter,TCF4;ENST00000544241;ENST00000564228::chr18:55403715-55404496(-),R2,(BC)GTTTAAGAGCTATGCTGGAA,AATGGGAATTACTAGGCTA,CRISPR Guide Capture,ENSG00000196628,TCF4
negative_229_Horlbeck_NTC,negative_control,R2,(BC)GTTTAAGAGCTATGCTGGAA,AATTAGAGTAACACGACAA,CRISPR Guide Capture,Non-Targeting,Non-Targeting
negative_215_Horlbeck_NTC,negative_control,R2,(BC)GTTTAAGAGCTATGCTGGAA,AATTCTTGCGCCAGTACAG,CRISPR Guide Capture,Non-Targeting,Non-Targeting
chr10.858_407_Gasperini_NTC,chr10.858,R2,(BC)GTTTAAGAGCTATGCTGGAA,ACACAAGCAATGCGACAAC,CRISPR Guide Capture,Non-Targeting,Non-Targeting
SYNGAP1_292_promoter,SYNGAP1,R2,(BC)GTTTAAGAGCTATGCTGGAA,ACACAGGGCCAAAATCTAG,CRISPR Guide Capture,ENSG00000197283,SYNGAP1
TCF4_376_Flashfry_promoter,TCF4;ENST00000354452;ENST00000356073;ENST00000564999;ENST00000566279;ENST00000566286;ENST00000616053;ENST00000635822::chr18:55588193-55589130(-),R2,(BC)GTTTAAGAGCTATGCTGGAA,ACACCAACTCTCTTCTCCG,CRISPR Guide Capture,ENSG00000196628,TCF4
FOXP1_146_Flashfry_promoter,FOXP1;ENST00000498215::chr3:71245365-71245865(-),R2,(BC)GTTTAAGAGCTATGCTGGAA,ACACTTGAAAAAAAAAAGG,CRISPR Guide Capture,ENSG00000114861,FOXP1
FOXP1_90_promoter,FOXP1,R2,(BC)GTTTAAGAGCTATGCTGGAA,ACAGCGGAAAAAACGAGAA,CRISPR Guide Capture,ENSG00000114861,FOXP1
SCN2A_244_promoter,SCN2A,R2,(BC)GTTTAAGAGCTATGCTGGAA,ACATGACAGCTCCATCTCC,CRISPR Guide Capture,ENSG00000136531,SCN2A
SCN2A_257_promoter,SCN2A,R2,(BC)GTTTAAGAGCTATGCTGGAA,ACATTATGTTTAAACTAAA,CRISPR Guide Capture,ENSG00000136531,SCN2A
FOXP1_96_promoter,FOXP1,R2,(BC)GTTTAAGAGCTATGCTGGAA,ACCCCGCTGGGCACTCCAG,CRISPR Guide Capture,ENSG00000114861,FOXP1
MED15_187_TSS_pos_ctrl,MED15,R2,(BC)GTTTAAGAGCTATGCTGGAA,ACCGAGACCGCTTCGTCCC,CRISPR Guide Capture,ENSG00000099917,MED15
negative_191_Horlbeck_NTC,negative_control,R2,(BC)GTTTAAGAGCTATGCTGGAA,ACCGCGGTTAAGAGCCCAA,CRISPR Guide Capture,Non-Targeting,Non-Targeting
FOXP1_89_promoter,FOXP1,R2,(BC)GTTTAAGAGCTATGCTGGAA,ACCTGCTGGGTAAACAACC,CRISPR Guide Capture,ENSG00000114861,FOXP1
FOXP1_133_Flashfry_promoter,FOXP1;ENST00000475937::chr3:71543558-71544058(-),R2,(BC)GTTTAAGAGCTATGCTGGAA,ACCTTAGACCACCACATAA,CRISPR Guide Capture,ENSG00000114861,FOXP1
FOXP1_104_promoter,FOXP1,R2,(BC)GTTTAAGAGCTATGCTGGAA,ACCTTTATGTGGTGGTCTA,CRISPR Guide Capture,ENSG00000114861,FOXP1
TBR1_310_promoter,TBR1,R2,(BC)GTTTAAGAGCTATGCTGGAA,ACGATCATGGCAAATTGAA,CRISPR Guide Capture,ENSG00000136535,TBR1
negative_204_Horlbeck_NTC,negative_control,R2,(BC)GTTTAAGAGCTATGCTGGAA,ACGATCGGGTCGGCTAATC,CRISPR Guide Capture,Non-Targeting,Non-Targeting
FOXP1_113_promoter,FOXP1,R2,(BC)GTTTAAGAGCTATGCTGGAA,ACGGGGAGGTAACCATATT,CRISPR Guide Capture,ENSG00000114861,FOXP1
TCF4_353_Flashfry_promoter,TCF4;ENST00000537856;ENST00000570177::chr18:55401758-55402741(-),R2,(BC)GTTTAAGAGCTATGCTGGAA,ACTGCCATGAACTGCACTC,CRISPR Guide Capture,ENSG00000196628,TCF4
SHANK3_276_promoter,SHANK3,R2,(BC)GTTTAAGAGCTATGCTGGAA,ACTGGGCACCCAGCGATCC,CRISPR Guide Capture,ENSG00000251322,SHANK3
TBR1_309_promoter,TBR1,R2,(BC)GTTTAAGAGCTATGCTGGAA,ACTGTCAGCAGCTAACCAA,CRISPR Guide Capture,ENSG00000136535,TBR1
negative_233_Horlbeck_NTC,negative_control,R2,(BC)GTTTAAGAGCTATGCTGGAA,ACTTAGAGAATCAACCGAA,CRISPR Guide Capture,Non-Targeting,Non-Targeting
negative_213_Horlbeck_NTC,negative_control,R2,(BC)GTTTAAGAGCTATGCTGGAA,ACTTCCATGTCAATAACGA,CRISPR Guide Capture,Non-Targeting,Non-Targeting
FOXP1_102_promoter,FOXP1,R2,(BC)GTTTAAGAGCTATGCTGGAA,AGAACCACTTCAAACACAT,CRISPR Guide Capture,ENSG00000114861,FOXP1
LAPTM4A_186_TSS_pos_ctrl,LAPTM4A,R2,(BC)GTTTAAGAGCTATGCTGGAA,AGAAGAACTACTTAGCTGC,CRISPR Guide Capture,ENSG00000068697,LAPTM4A
negative_221_Horlbeck_NTC,negative_control,R2,(BC)GTTTAAGAGCTATGCTGGAA,AGAATCATGAGGCCCCTGA,CRISPR Guide Capture,Non-Targeting,Non-Targeting
SYNGAP1_299_Flashfry_promoter,SYNGAP1;ENST00000682587::chr6:33427729-33428229(+),R2,(BC)GTTTAAGAGCTATGCTGGAA,AGACAGCGCGAGAGAGACG,CRISPR Guide Capture,ENSG00000197283,SYNGAP1
chr10.858_408_Gasperini_NTC,chr10.858,R2,(BC)GTTTAAGAGCTATGCTGGAA,AGACAGCTAAGTGACCAAA,CRISPR Guide Capture,Non-Targeting,Non-Targeting
chr12.1559_412_Gasperini_enhancer,chr12.1559,R2,(BC)GTTTAAGAGCTATGCTGGAA,AGACCAGTGAAGCAGCGAG,CRISPR Guide Capture,ENSG00000167552,TUBA1A
negative_223_Horlbeck_NTC,negative_control,R2,(BC)GTTTAAGAGCTATGCTGGAA,AGACCGAGCCTCTCGCTGT,CRISPR Guide Capture,Non-Targeting,Non-Targeting
SYNGAP1_296_Flashfry_promoter,SYNGAP1;ENST00000428982;ENST00000645250::chr6:33431230-33431910(+),R2,(BC)GTTTAAGAGCTATGCTGGAA,AGACCTGTGAAGAGTAGCA,CRISPR Guide Capture,ENSG00000197283,SYNGAP1
chr4.2386_459_Gasperini_NTC,chr4.2386,R2,(BC)GTTTAAGAGCTATGCTGGAA,AGACCTTCACAGAAGAGAG,CRISPR Guide Capture,Non-Targeting,Non-Targeting
BCL11A_43_Flashfry_promoter,BCL11A;ENST00000335712;ENST00000356842;ENST00000358510;ENST00000359629;ENST00000409351;ENST00000642384;ENST00000642439;ENST00000643004;ENST00000643716::chr2:60553410-60554159(-),R2,(BC)GTTTAAGAGCTATGCTGGAA,AGAGCGAGAGTGCACCGGG,CRISPR Guide Capture,ENSG00000119866,BCL11A
TBR1_324_Flashfry_promoter,TBR1;ENST00000389554::chr2:161415796-161416296(+),R2,(BC)GTTTAAGAGCTATGCTGGAA,AGAGCGGAGGGGCGGAGGA,CRISPR Guide Capture,ENSG00000136535,TBR1
FOXP1_88_promoter,FOXP1,R2,(BC)GTTTAAGAGCTATGCTGGAA,AGAGGCCAACACGTCGCGG,CRISPR Guide Capture,ENSG00000114861,FOXP1
BCL11A_51_Flashfry_promoter,BCL11A;ENST00000646249::chr2:60554468-60554968(-),R2,(BC)GTTTAAGAGCTATGCTGGAA,AGAGGCCGAGGACAAAGCG,CRISPR Guide Capture,ENSG00000119866,BCL11A
SCN2A_253_Flashfry_promoter,SCN2A;ENST00000637266::chr2:165240559-165241059(+),R2,(BC)GTTTAAGAGCTATGCTGGAA,AGAGGTTGTGAAAGCTATG,CRISPR Guide Capture,ENSG00000136531,SCN2A
chr4.2290_457_Gasperini_enhancer,chr4.2290,R2,(BC)GTTTAAGAGCTATGCTGGAA,AGATGCCAGAAGAGCTGTT,CRISPR Guide Capture,ENSG00000168785,TSPAN5
TBR1_320_Flashfry_promoter,TBR1;ENST00000410035::chr2:161417394-161417894(+),R2,(BC)GTTTAAGAGCTATGCTGGAA,AGATTAAATGCAAGAAGCG,CRISPR Guide Capture,ENSG00000136535,TBR1
BCL11A_50_Flashfry_promoter,BCL11A;ENST00000646249::chr2:60554468-60554968(-),R2,(BC)GTTTAAGAGCTATGCTGGAA,AGCAACTGCAAAAGCACAG,CRISPR Guide Capture,ENSG00000119866,BCL11A
negative_220_Horlbeck_NTC,negative_control,R2,(BC)GTTTAAGAGCTATGCTGGAA,AGCACTAAATACCCCATGA,CRISPR Guide Capture,Non-Targeting,Non-Targeting
ANK2_11_Flashfry_promoter,ANK2;ENST00000671971;ENST00000672240;ENST00000673240;ENST00000673363::chr4:113116196-113116696(+),R2,(BC)GTTTAAGAGCTATGCTGGAA,AGCAGAGCAGCCGTAGCAA,CRISPR Guide Capture,ENSG00000145362,ANK2
TCF4_380_Flashfry_promoter,TCF4;ENST00000398339::chr18:55636028-55636528(-),R2,(BC)GTTTAAGAGCTATGCTGGAA,AGCATCCTGAAATGGTAGG,CRISPR Guide Capture,ENSG00000196628,TCF4
ANK2_30_Flashfry_promoter,ANK2;ENST00000671704;ENST00000671951;ENST00000672221::chr4:112860442-112861064(+),R2,(BC)GTTTAAGAGCTATGCTGGAA,AGCCATAGGAGCTGCCAAA,CRISPR Guide Capture,ENSG00000145362,ANK2
FOXP1_91_promoter,FOXP1,R2,(BC)GTTTAAGAGCTATGCTGGAA,AGCCCCGCGGACCAGAGAG,CRISPR Guide Capture,ENSG00000114861,FOXP1
SOS1_285_TSS_pos_ctrl,SOS1,R2,(BC)GTTTAAGAGCTATGCTGGAA,AGCGCAGCCACAGCCCGGC,CRISPR Guide Capture,ENSG00000115904,SOS1
negative_193_Horlbeck_NTC,negative_control,R2,(BC)GTTTAAGAGCTATGCTGGAA,AGCTGCTTGGGGACTACAA,CRISPR Guide Capture,Non-Targeting,Non-Targeting
ANK2_25_Flashfry_promoter,ANK2;ENST00000503423;ENST00000506722;ENST00000671756;ENST00000671793;ENST00000671809;ENST00000671825;ENST00000671854;ENST00000671893;ENST00000671906;ENST00000672068;ENST00000672088;ENST00000672090;ENS,R2,(BC)GTTTAAGAGCTATGCTGGAA,AGCTTCTCTGAACTAGGCG,CRISPR Guide Capture,ENSG00000145362,ANK2
chr17.5536_424_Gasperini_NTC,chr17.5536,R2,(BC)GTTTAAGAGCTATGCTGGAA,AGGAGCTCACGGAACAGCG,CRISPR Guide Capture,Non-Targeting,Non-Targeting
FOXP1_112_promoter,FOXP1,R2,(BC)GTTTAAGAGCTATGCTGGAA,AGGAGGGCCTGTTTGAACT,CRISPR Guide Capture,ENSG00000114861,FOXP1
negative_236_Horlbeck_NTC,negative_control,R2,(BC)GTTTAAGAGCTATGCTGGAA,AGGCCTACTGCGAGAGCAG,CRISPR Guide Capture,Non-Targeting,Non-Targeting
FOXP1_109_promoter,FOXP1,R2,(BC)GTTTAAGAGCTATGCTGGAA,AGGGAGCCGCTCCCGCTCG,CRISPR Guide Capture,ENSG00000114861,FOXP1
TCF4_336_Flashfry_promoter,TCF4;ENST00000567880;ENST00000638154::chr18:55587117-55587850(-),R2,(BC)GTTTAAGAGCTATGCTGGAA,AGTCCTCGGTCCCTCCGAG,CRISPR Guide Capture,ENSG00000196628,TCF4
chr3.3131_445_Gasperini_NTC,chr3.3131,R2,(BC)GTTTAAGAGCTATGCTGGAA,AGTCTTCACTCTAGACAAG,CRISPR Guide Capture,Non-Targeting,Non-Targeting
TCF4_358_Flashfry_promoter,TCF4;ENST00000540999;ENST00000568673::chr18:55585909-55586606(-),R2,(BC)GTTTAAGAGCTATGCTGGAA,AGTGCAACAAGCAGAAAGG,CRISPR Guide Capture,ENSG00000196628,TCF4
ANK2_23_Flashfry_promoter,ANK2;ENST00000264366;ENST00000357077;ENST00000394537;ENST00000671727;ENST00000671762;ENST00000672045;ENST00000672251;ENST00000672366;ENST00000672502;ENST00000672779;ENST00000672854::chr4:113049021-113,R2,(BC)GTTTAAGAGCTATGCTGGAA,AGTGGTTGGGGTTATCTGG,CRISPR Guide Capture,ENSG00000145362,ANK2
BCL11A_44_Flashfry_promoter,BCL11A;ENST00000335712;ENST00000356842;ENST00000358510;ENST00000359629;ENST00000409351;ENST00000642384;ENST00000642439;ENST00000643004;ENST00000643716::chr2:60553410-60554159(-),R2,(BC)GTTTAAGAGCTATGCTGGAA,ATAATACAAAGATGGCGCA,CRISPR Guide Capture,ENSG00000119866,BCL11A
TCF4_351_Flashfry_promoter,TCF4;ENST00000537578;ENST00000564403;ENST00000565018;ENST00000568740;ENST00000629387;ENST00000636400::chr18:55589778-55590340(-),R2,(BC)GTTTAAGAGCTATGCTGGAA,ATACCCCCAGGTCTCCCTG,CRISPR Guide Capture,ENSG00000196628,TCF4
chr1.7358_402_Gasperini_enhancer,chr1.7358,R2,(BC)GTTTAAGAGCTATGCTGGAA,ATAGATGCCTGGGAGTTAG,CRISPR Guide Capture,ENSG00000152078,TMEM56
negative_232_Horlbeck_NTC,negative_control,R2,(BC)GTTTAAGAGCTATGCTGGAA,ATAGCGTAATTGGGAGGAT,CRISPR Guide Capture,Non-Targeting,Non-Targeting
TCF4_344_Flashfry_promoter,TCF4;ENST00000643689::chr18:55352024-55352524(-),R2,(BC)GTTTAAGAGCTATGCTGGAA,ATATTTAGCTATATGGCGG,CRISPR Guide Capture,ENSG00000196628,TCF4
FOXP1_122_Flashfry_promoter,FOXP1;ENST00000648380::chr3:71493565-71494065(-),R2,(BC)GTTTAAGAGCTATGCTGGAA,ATCATAACTTAATAGGGAA,CRISPR Guide Capture,ENSG00000114861,FOXP1
chr6.702_479_Gasperini_enhancer,chr6.702,R2,(BC)GTTTAAGAGCTATGCTGGAA,ATCATGATCCCAGGTACCG,CRISPR Guide Capture,ENSG00000180537,RNF182
TCF4_357_Flashfry_promoter,TCF4;ENST00000540999;ENST00000568673::chr18:55585909-55586606(-),R2,(BC)GTTTAAGAGCTATGCTGGAA,ATCCAAACCGCCTTCCAAG,CRISPR Guide Capture,ENSG00000196628,TCF4
SHANK3_261_Flashfry_promoter,SHANK3;ENST00000262795;ENST00000445220::chr22:50674141-50674891(+),R2,(BC)GTTTAAGAGCTATGCTGGAA,ATCCCGGACCTGCAGCAGA,CRISPR Guide Capture,ENSG00000251322,SHANK3
negative_222_Horlbeck_NTC,negative_control,R2,(BC)GTTTAAGAGCTATGCTGGAA,ATCCCGTCACTAAAGACAA,CRISPR Guide Capture,Non-Targeting,Non-Targeting
FOXP1_103_promoter,FOXP1,R2,(BC)GTTTAAGAGCTATGCTGGAA,ATCCCTCTACTTCTGTGCC,CRISPR Guide Capture,ENSG00000114861,FOXP1
TBR1_311_promoter,TBR1,R2,(BC)GTTTAAGAGCTATGCTGGAA,ATGAAACGGCTCCTGCCAT,CRISPR Guide Capture,ENSG00000136535,TBR1
SHANK3_280_Flashfry_promoter,SHANK3;ENST00000664402::chr22:50704995-50705495(+),R2,(BC)GTTTAAGAGCTATGCTGGAA,ATGAACCACCCACACGTGT,CRISPR Guide Capture,ENSG00000251322,SHANK3
chrX.2694_498_Gasperini_NTC,chrX.2694,R2,(BC)GTTTAAGAGCTATGCTGGAA,ATGAGTGCTTGTTGCTGCG,CRISPR Guide Capture,Non-Targeting,Non-Targeting
negative_200_Horlbeck_NTC,negative_control,R2,(BC)GTTTAAGAGCTATGCTGGAA,ATGAGTGGAGAGTAAAACC,CRISPR Guide Capture,Non-Targeting,Non-Targeting
ANK2_26_Flashfry_promoter,ANK2;ENST00000503423;ENST00000506722;ENST00000671756;ENST00000671793;ENST00000671809;ENST00000671825;ENST00000671854;ENST00000671893;ENST00000671906;ENST00000672068;ENST00000672088;ENST00000672090;ENS,R2,(BC)GTTTAAGAGCTATGCTGGAA,ATGATCTACTGAAAGGCGG,CRISPR Guide Capture,ENSG00000145362,ANK2
chr10.1030_404_Gasperini_NTC,chr10.1030,R2,(BC)GTTTAAGAGCTATGCTGGAA,ATGATGGAAAATAATTAGA,CRISPR Guide Capture,Non-Targeting,Non-Targeting
SHANK3_262_Flashfry_promoter,SHANK3;ENST00000262795;ENST00000445220::chr22:50674141-50674891(+),R2,(BC)GTTTAAGAGCTATGCTGGAA,ATGCCGACGCGCACGACCA,CRISPR Guide Capture,ENSG00000251322,SHANK3
chr3.4308_452_Gasperini_NTC,chr3.4308,R2,(BC)GTTTAAGAGCTATGCTGGAA,ATGCTACACCCAGAGCAAA,CRISPR Guide Capture,Non-Targeting,Non-Targeting
SHANK3_267_Flashfry_promoter,SHANK3;ENST00000659388::chr22:50729071-50729571(+),R2,(BC)GTTTAAGAGCTATGCTGGAA,ATGGGGCTCCCCTTAAAGC,CRISPR Guide Capture,ENSG00000251322,SHANK3
FOXP1_156_Flashfry_promoter,FOXP1;ENST00000648107::chr3:71289714-71290214(-),R2,(BC)GTTTAAGAGCTATGCTGGAA,ATGTAGTTGTAGATATGGG,CRISPR Guide Capture,ENSG00000114861,FOXP1
chr6.1269_469_Gasperini_enhancer,chr6.1269,R2,(BC)GTTTAAGAGCTATGCTGGAA,ATGTTAATGAGACATGCAA,CRISPR Guide Capture,ENSG00000124635,HIST1H2BJ
FOXP1_164_Flashfry_promoter,FOXP1;ENST00000648662::chr3:71288370-71288870(-),R2,(BC)GTTTAAGAGCTATGCTGGAA,ATTAGAGAACGGGTCAAGA,CRISPR Guide Capture,ENSG00000114861,FOXP1
TBR1_321_Flashfry_promoter,TBR1;ENST00000410035::chr2:161417394-161417894(+),R2,(BC)GTTTAAGAGCTATGCTGGAA,ATTTGCTGGATTAGAAAAA,CRISPR Guide Capture,ENSG00000136535,TBR1
negative_203_Horlbeck_NTC,negative_control,R2,(BC)GTTTAAGAGCTATGCTGGAA,ATTTGGTCAGTTAGTGGAC,CRISPR Guide Capture,Non-Targeting,Non-Targeting
chr22.1857_443_Gasperini_NTC,chr22.1857,R2,(BC)GTTTAAGAGCTATGCTGGAA,CAAAAATACAAGCTCCAGC,CRISPR Guide Capture,Non-Targeting,Non-Targeting
negative_237_Horlbeck_NTC,negative_control,R2,(BC)GTTTAAGAGCTATGCTGGAA,CAAAAATCCACGCCTGGCA,CRISPR Guide Capture,Non-Targeting,Non-Targeting
TCF4_390_Flashfry_promoter,TCF4;ENST00000537578;ENST00000564403;ENST00000565018;ENST00000568740;ENST00000629387;ENST00000636400::chr18:55589778-55590340(-),R2,(BC)GTTTAAGAGCTATGCTGGAA,CAACACGAATAAGAGCGCA,CRISPR Guide Capture,ENSG00000196628,TCF4
negative_202_Horlbeck_NTC,negative_control,R2,(BC)GTTTAAGAGCTATGCTGGAA,CAACAGAACGTCTGCAACA,CRISPR Guide Capture,Non-Targeting,Non-Targeting
chr11.4780_409_Gasperini_NTC,chr11.4780,R2,(BC)GTTTAAGAGCTATGCTGGAA,CAACAGTCTGATAACCCTG,CRISPR Guide Capture,Non-Targeting,Non-Targeting
TBR1_322_Flashfry_promoter,TBR1;ENST00000410035::chr2:161417394-161417894(+),R2,(BC)GTTTAAGAGCTATGCTGGAA,CAACCCAAATCAGGGAGAG,CRISPR Guide Capture,ENSG00000136535,TBR1
TCF4_378_Flashfry_promoter,TCF4;ENST00000354452;ENST00000356073;ENST00000564999;ENST00000566279;ENST00000566286;ENST00000616053;ENST00000635822::chr18:55588193-55589130(-),R2,(BC)GTTTAAGAGCTATGCTGGAA,CAACTCTCTTCTCCGGGGA,CRISPR Guide Capture,ENSG00000196628,TCF4
TCF4_362_Flashfry_promoter,TCF4;ENST00000543082::chr18:55510773-55511273(-),R2,(BC)GTTTAAGAGCTATGCTGGAA,CAAGATCTCTGCCAAACAG,CRISPR Guide Capture,ENSG00000196628,TCF4
BCL11A_35_promoter,BCL11A,R2,(BC)GTTTAAGAGCTATGCTGGAA,CAAGCCAATGGCCAGTGCG,CRISPR Guide Capture,ENSG00000119866,BCL11A
CHD8_71_Flashfry_promoter,CHD8;ENST00000430710;ENST00000557364;ENST00000643469::chr14:21437246-21437809(-),R2,(BC)GTTTAAGAGCTATGCTGGAA,CAAGCTGCAGGCTTCGCCT,CRISPR Guide Capture,ENSG00000100888,CHD8
FOXP1_151_Flashfry_promoter,FOXP1;ENST00000622151::chr3:71210870-71211370(-),R2,(BC)GTTTAAGAGCTATGCTGGAA,CAAGTGTAACACCACTGCT,CRISPR Guide Capture,ENSG00000114861,FOXP1
TCF4_364_Flashfry_promoter,TCF4;ENST00000544241;ENST00000564228::chr18:55403715-55404496(-),R2,(BC)GTTTAAGAGCTATGCTGGAA,CAATCACAGGCTCTCCAGA,CRISPR Guide Capture,ENSG00000196628,TCF4
chr2.185_434_Gasperini_enhancer,chr2.185,R2,(BC)GTTTAAGAGCTATGCTGGAA,CAATGATCAGCAAACACGA,CRISPR Guide Capture,ENSG00000115738,ID2
CHD8_76_Flashfry_promoter,CHD8;ENST00000645929;ENST00000646647::chr14:21456091-21456624(-),R2,(BC)GTTTAAGAGCTATGCTGGAA,CAATGGCAGCACCGAAGCC,CRISPR Guide Capture,ENSG00000100888,CHD8
chr8.2347_485_Gasperini_enhancer,chr8.2347,R2,(BC)GTTTAAGAGCTATGCTGGAA,CAATGGTGACAGTAGAGGG,CRISPR Guide Capture,ENSG00000164941,INTS8
FOXP1_107_promoter,FOXP1,R2,(BC)GTTTAAGAGCTATGCTGGAA,CACACGCACTCCCGGGCGA,CRISPR Guide Capture,ENSG00000114861,FOXP1
CHD8_68_promoter,CHD8,R2,(BC)GTTTAAGAGCTATGCTGGAA,CACACTAGCTCGCTGGAAG,CRISPR Guide Capture,ENSG00000100888,CHD8
chr9.246_487_Gasperini_enhancer,chr9.246,R2,(BC)GTTTAAGAGCTATGCTGGAA,CACACTGTGAGTAGAAAAG,CRISPR Guide Capture,ENSG00000147872,PLIN2
FOXP1_98_promoter,FOXP1,R2,(BC)GTTTAAGAGCTATGCTGGAA,CACAGAAGTAGAGGGATAT,CRISPR Guide Capture,ENSG00000114861,FOXP1
chr17.3223_418_Gasperini_NTC,chr17.3223,R2,(BC)GTTTAAGAGCTATGCTGGAA,CACAGGTCTACTCCAGCCA,CRISPR Guide Capture,Non-Targeting,Non-Targeting
FOXP1_137_Flashfry_promoter,FOXP1;ENST00000484350::chr3:71304761-71305261(-),R2,(BC)GTTTAAGAGCTATGCTGGAA,CACAGTTTCCAACCGGCGG,CRISPR Guide Capture,ENSG00000114861,FOXP1
BCL11A_41_promoter,BCL11A,R2,(BC)GTTTAAGAGCTATGCTGGAA,CACCAATGGACACACATCA,CRISPR Guide Capture,ENSG00000119866,BCL11A
BIK_53_TSS_pos_ctrl,BIK,R2,(BC)GTTTAAGAGCTATGCTGGAA,CACCCCGAGCGCGGAATCC,CRISPR Guide Capture,ENSG00000100290,BIK
chr5.1395_463_Gasperini_NTC,chr5.1395,R2,(BC)GTTTAAGAGCTATGCTGGAA,CACCTCTAAATAAACAGAA,CRISPR Guide Capture,Non-Targeting,Non-Targeting
TCF4_342_Flashfry_promoter,TCF4;ENST00000636822::chr18:55384197-55384697(-),R2,(BC)GTTTAAGAGCTATGCTGGAA,CACTCAGTAGGCCAATGAG,CRISPR Guide Capture,ENSG00000196628,TCF4
ANK2_29_Flashfry_promoter,ANK2;ENST00000671971;ENST00000672240;ENST00000673240;ENST00000673363::chr4:113116196-113116696(+),R2,(BC)GTTTAAGAGCTATGCTGGAA,CACTGCCGTGGCAATACAG,CRISPR Guide Capture,ENSG00000145362,ANK2
FOXP1_132_Flashfry_promoter,FOXP1;ENST00000475937::chr3:71543558-71544058(-),R2,(BC)GTTTAAGAGCTATGCTGGAA,CACTTCTACCTTTATGTGG,CRISPR Guide Capture,ENSG00000114861,FOXP1
SHANK3_265_Flashfry_promoter,SHANK3;ENST00000659388::chr22:50729071-50729571(+),R2,(BC)GTTTAAGAGCTATGCTGGAA,CACTTGGAGACTCTCGCAC,CRISPR Guide Capture,ENSG00000251322,SHANK3
FOXP1_101_promoter,FOXP1,R2,(BC)GTTTAAGAGCTATGCTGGAA,CACTTGTCACATACACCCT,CRISPR Guide Capture,ENSG00000114861,FOXP1
TCF4_391_Flashfry_promoter,TCF4;ENST00000537856;ENST00000570177::chr18:55401758-55402741(-),R2,(BC)GTTTAAGAGCTATGCTGGAA,CAGAAGACCGTGTTCCTGT,CRISPR Guide Capture,ENSG00000196628,TCF4
chr4.2386_460_Gasperini_NTC,chr4.2386,R2,(BC)GTTTAAGAGCTATGCTGGAA,CAGAGAAAGAAGGGTACAT,CRISPR Guide Capture,Non-Targeting,Non-Targeting
negative_211_Horlbeck_NTC,negative_control,R2,(BC)GTTTAAGAGCTATGCTGGAA,CAGAGGGCTGTCCCTGTTA,CRISPR Guide Capture,Non-Targeting,Non-Targeting
TCF4_370_Flashfry_promoter,TCF4;ENST00000561831::chr18:55302627-55303127(-),R2,(BC)GTTTAAGAGCTATGCTGGAA,CAGATGCAGCTTTATCCAG,CRISPR Guide Capture,ENSG00000196628,TCF4
TCF4_339_Flashfry_promoter,TCF4;ENST00000636822::chr18:55384197-55384697(-),R2,(BC)GTTTAAGAGCTATGCTGGAA,CAGCAAAATCACCCAAAAA,CRISPR Guide Capture,ENSG00000196628,TCF4
TCF4_335_promoter,TCF4,R2,(BC)GTTTAAGAGCTATGCTGGAA,CAGCAAAGAAATGGGTGGG,CRISPR Guide Capture,ENSG00000196628,TCF4
chr8.2347_486_Gasperini_enhancer,chr8.2347,R2,(BC)GTTTAAGAGCTATGCTGGAA,CAGCAATGGTGACAGTAGA,CRISPR Guide Capture,ENSG00000164941,INTS8
chr17.3223_417_Gasperini_NTC,chr17.3223,R2,(BC)GTTTAAGAGCTATGCTGGAA,CAGCAGCTCATGTGCTGAG,CRISPR Guide Capture,Non-Targeting,Non-Targeting
chr3.3352_448_Gasperini_enhancer,chr3.3352,R2,(BC)GTTTAAGAGCTATGCTGGAA,CAGCATGCCTCCTTGGGCA,CRISPR Guide Capture,ENSG00000065518,NDUFB4
chr22.1257_441_Gasperini_enhancer,chr22.1257,R2,(BC)GTTTAAGAGCTATGCTGGAA,CAGCCACAGAATGGCTAAG,CRISPR Guide Capture,ENSG00000182541,LIMK2
negative_195_Horlbeck_NTC,negative_control,R2,(BC)GTTTAAGAGCTATGCTGGAA,CAGCCCAACAGTATCGATA,CRISPR Guide Capture,Non-Targeting,Non-Targeting
TCF4_359_Flashfry_promoter,TCF4;ENST00000543082::chr18:55510773-55511273(-),R2,(BC)GTTTAAGAGCTATGCTGGAA,CAGCTTGATGCGTAAAGGA,CRISPR Guide Capture,ENSG00000196628,TCF4
chr12.2823_413_Gasperini_NTC,chr12.2823,R2,(BC)GTTTAAGAGCTATGCTGGAA,CAGGAAAGGAACCAGAAGG,CRISPR Guide Capture,Non-Targeting,Non-Targeting
chr1.1933_398_Gasperini_NTC,chr1.1933,R2,(BC)GTTTAAGAGCTATGCTGGAA,CAGGAGGAGAGCTTCGAGA,CRISPR Guide Capture,Non-Targeting,Non-Targeting
FOXP1_173_Flashfry_promoter,FOXP1;ENST00000649592;ENST00000650188::chr3:71132100-71132712(-),R2,(BC)GTTTAAGAGCTATGCTGGAA,CAGGCAGCATCAGGTTAAA,CRISPR Guide Capture,ENSG00000114861,FOXP1
BCL11A_39_Flashfry_promoter,BCL11A;ENST00000646249::chr2:60554468-60554968(-),R2,(BC)GTTTAAGAGCTATGCTGGAA,CAGGCTCGCAGGAGCAGCG,CRISPR Guide Capture,ENSG00000119866,BCL11A
TCF4_340_Flashfry_promoter,TCF4;ENST00000636822::chr18:55384197-55384697(-),R2,(BC)GTTTAAGAGCTATGCTGGAA,CAGTACTGTGAGAAGGCTC,CRISPR Guide Capture,ENSG00000196628,TCF4
TBR1_316_Flashfry_promoter,TBR1;ENST00000389554::chr2:161415796-161416296(+),R2,(BC)GTTTAAGAGCTATGCTGGAA,CAGTGGTCACAGAGCTTAA,CRISPR Guide Capture,ENSG00000136535,TBR1
FOXP1_130_Flashfry_promoter,FOXP1;ENST00000468577;ENST00000648426::chr3:71198382-71198893(-),R2,(BC)GTTTAAGAGCTATGCTGGAA,CAGTTTCAGACCCGAAACT,CRISPR Guide Capture,ENSG00000114861,FOXP1
FOXP1_154_Flashfry_promoter,FOXP1;ENST00000622151::chr3:71210870-71211370(-),R2,(BC)GTTTAAGAGCTATGCTGGAA,CATAGTTGACAATTCTAAA,CRISPR Guide Capture,ENSG00000114861,FOXP1
TCF4_384_Flashfry_promoter,TCF4;ENST00000457482;ENST00000570287;ENST00000637169::chr18:55321641-55322723(-),R2,(BC)GTTTAAGAGCTATGCTGGAA,CATATGGCCGGGCCAAGCG,CRISPR Guide Capture,ENSG00000196628,TCF4
chr12.1559_411_Gasperini_enhancer,chr12.1559,R2,(BC)GTTTAAGAGCTATGCTGGAA,CATCCCTAGACCCTAGCGG,CRISPR Guide Capture,ENSG00000167552,TUBA1A
FOXP1_161_Flashfry_promoter,FOXP1;ENST00000649431::chr3:71306034-71306534(-),R2,(BC)GTTTAAGAGCTATGCTGGAA,CATCCCTGGAGTTCTACTA,CRISPR Guide Capture,ENSG00000114861,FOXP1
TCF4_329_promoter,TCF4,R2,(BC)GTTTAAGAGCTATGCTGGAA,CATCCTAGCCTGCCCGACC,CRISPR Guide Capture,ENSG00000196628,TCF4
chr3.3679_450_Gasperini_enhancer,chr3.3679,R2,(BC)GTTTAAGAGCTATGCTGGAA,CATCTGTGCGAGAGCCCCG,CRISPR Guide Capture,ENSG00000179348,GATA2
negative_234_Horlbeck_NTC,negative_control,R2,(BC)GTTTAAGAGCTATGCTGGAA,CATGTTCAACACATCATAG,CRISPR Guide Capture,Non-Targeting,Non-Targeting
chr3.5817_455_Gasperini_enhancer,chr3.5817,R2,(BC)GTTTAAGAGCTATGCTGGAA,CATTATCACCGGCAGCACA,CRISPR Guide Capture,ENSG00000072274,TFRC
chr3.3679_449_Gasperini_enhancer,chr3.3679,R2,(BC)GTTTAAGAGCTATGCTGGAA,CATTGCTTGAGATGCCCAT,CRISPR Guide Capture,ENSG00000179348,GATA2
SLC4A2_284_TSS_pos_ctrl,SLC4A2,R2,(BC)GTTTAAGAGCTATGCTGGAA,CCAAGGGACGGCATCCTCG,CRISPR Guide Capture,ENSG00000164889,SLC4A2
BCL11A_52_promoter,BCL11A,R2,(BC)GTTTAAGAGCTATGCTGGAA,CCAATGGCCAGTGCGGGGA,CRISPR Guide Capture,ENSG00000119866,BCL11A
ANK2_12_Flashfry_promoter,ANK2;ENST00000671971;ENST00000672240;ENST00000673240;ENST00000673363::chr4:113116196-113116696(+),R2,(BC)GTTTAAGAGCTATGCTGGAA,CCACTGCCGTGGCAATACA,CRISPR Guide Capture,ENSG00000145362,ANK2
CHD8_69_promoter,CHD8,R2,(BC)GTTTAAGAGCTATGCTGGAA,CCAGGAAGTCTCTTGAGGG,CRISPR Guide Capture,ENSG00000100888,CHD8
ANK2_5_promoter,ANK2,R2,(BC)GTTTAAGAGCTATGCTGGAA,CCAGGGACTCGAATGATTT,CRISPR Guide Capture,ENSG00000145362,ANK2
SHANK3_279_promoter,SHANK3,R2,(BC)GTTTAAGAGCTATGCTGGAA,CCAGTCTGGGAGTGGTCTG,CRISPR Guide Capture,ENSG00000251322,SHANK3
TCF4_368_Flashfry_promoter,TCF4;ENST00000561831::chr18:55302627-55303127(-),R2,(BC)GTTTAAGAGCTATGCTGGAA,CCATAAGAGAAATCTGGAT,CRISPR Guide Capture,ENSG00000196628,TCF4
chr9.871_490_Gasperini_enhancer,chr9.871,R2,(BC)GTTTAAGAGCTATGCTGGAA,CCATTACTTAGCTTCAGGG,CRISPR Guide Capture,ENSG00000135046,ANXA1
TBR1_319_Flashfry_promoter,TBR1;ENST00000410035::chr2:161417394-161417894(+),R2,(BC)GTTTAAGAGCTATGCTGGAA,CCCAAATCAGGGAGAGCGG,CRISPR Guide Capture,ENSG00000136535,TBR1
FOXP1_157_Flashfry_promoter,FOXP1;ENST00000648107::chr3:71289714-71290214(-),R2,(BC)GTTTAAGAGCTATGCTGGAA,CCCAGACTAAGATGCCAAG,CRISPR Guide Capture,ENSG00000114861,FOXP1
ANK2_18_Flashfry_promoter,ANK2;ENST00000505342;ENST00000509550;ENST00000672411;ENST00000672915;ENST00000673048;ENST00000673231;ENST00000673353::chr4:113292337-113293152(+),R2,(BC)GTTTAAGAGCTATGCTGGAA,CCCCCCCTCGCCTTCTTAA,CRISPR Guide Capture,ENSG00000145362,ANK2
SLC35E4_283_TSS_pos_ctrl,SLC35E4,R2,(BC)GTTTAAGAGCTATGCTGGAA,CCCCCCTGGCGGCGAAGAG,CRISPR Guide Capture,ENSG00000100036,SLC35E4
FOXP1_92_promoter,FOXP1,R2,(BC)GTTTAAGAGCTATGCTGGAA,CCCCGGCGAACGGCAAAGA,CRISPR Guide Capture,ENSG00000114861,FOXP1
IRS1_183_TSS_pos_ctrl,IRS1,R2,(BC)GTTTAAGAGCTATGCTGGAA,CCCCGGTTGGCGCGCGTGT,CRISPR Guide Capture,ENSG00000169047,IRS1
TBR1_318_Flashfry_promoter,TBR1;ENST00000389554::chr2:161415796-161416296(+),R2,(BC)GTTTAAGAGCTATGCTGGAA,CCCCTTTAGAGCGGAGGGG,CRISPR Guide Capture,ENSG00000136535,TBR1
negative_205_Horlbeck_NTC,negative_control,R2,(BC)GTTTAAGAGCTATGCTGGAA,CCCGGGATCCCACCAAGTA,CRISPR Guide Capture,Non-Targeting,Non-Targeting
TCF4_330_promoter,TCF4,R2,(BC)GTTTAAGAGCTATGCTGGAA,CCCTCGGGGTGGGTGCGAG,CRISPR Guide Capture,ENSG00000196628,TCF4
FOXP1_126_Flashfry_promoter,FOXP1;ENST00000318779;ENST00000318789;ENST00000493089;ENST00000615603;ENST00000648718;ENST00000649528;ENST00000649596;ENST00000649631::chr3:71583600-71584490(-),R2,(BC)GTTTAAGAGCTATGCTGGAA,CCCTCTTTGCCGTTCGCCG,CRISPR Guide Capture,ENSG00000114861,FOXP1
FOXP1_139_Flashfry_promoter,FOXP1;ENST00000491238;ENST00000497355;ENST00000648748;ENST00000649695;ENST00000674446::chr3:71130593-71131888(-),R2,(BC)GTTTAAGAGCTATGCTGGAA,CCCTTTGTAGGCAACCTCA,CRISPR Guide Capture,ENSG00000114861,FOXP1
SYNGAP1_290_promoter,SYNGAP1,R2,(BC)GTTTAAGAGCTATGCTGGAA,CCGAGAGAGAGGGGGGGCG,CRISPR Guide Capture,ENSG00000197283,SYNGAP1
TCF4_326_promoter,TCF4,R2,(BC)GTTTAAGAGCTATGCTGGAA,CCTCCCCGGAGAAGAGAGT,CRISPR Guide Capture,ENSG00000196628,TCF4
SYNGAP1_300_promoter,SYNGAP1,R2,(BC)GTTTAAGAGCTATGCTGGAA,CCTCCCGGAGTAGGGGTGG,CRISPR Guide Capture,ENSG00000197283,SYNGAP1
chrX.1784_493_Gasperini_NTC,chrX.1784,R2,(BC)GTTTAAGAGCTATGCTGGAA,CCTCCCTTCCACTTCCCAA,CRISPR Guide Capture,Non-Targeting,Non-Targeting
chr6.3216_477_Gasperini_enhancer,chr6.3216,R2,(BC)GTTTAAGAGCTATGCTGGAA,CCTCTGCCCAGAACCCCCG,CRISPR Guide Capture,ENSG00000112759,SLC29A1
chr2.1528_429_Gasperini_enhancer,chr2.1528,R2,(BC)GTTTAAGAGCTATGCTGGAA,CCTCTGCTCTAGAACAGGG,CRISPR Guide Capture,ENSG00000143891,GALM
BCL11A_42_Flashfry_promoter,BCL11A;ENST00000335712;ENST00000356842;ENST00000358510;ENST00000359629;ENST00000409351;ENST00000642384;ENST00000642439;ENST00000643004;ENST00000643716::chr2:60553410-60554159(-),R2,(BC)GTTTAAGAGCTATGCTGGAA,CCTGACGTTCAAGTTCGCA,CRISPR Guide Capture,ENSG00000119866,BCL11A
FOXP1_152_Flashfry_promoter,FOXP1;ENST00000622151::chr3:71210870-71211370(-),R2,(BC)GTTTAAGAGCTATGCTGGAA,CCTGCTCGTGATAAGGAAT,CRISPR Guide Capture,ENSG00000114861,FOXP1
negative_198_Horlbeck_NTC,negative_control,R2,(BC)GTTTAAGAGCTATGCTGGAA,CCTGTCCGGAATGACCACC,CRISPR Guide Capture,Non-Targeting,Non-Targeting
BCL11A_46_Flashfry_promoter,BCL11A;ENST00000489516::chr2:60550926-60551426(-),R2,(BC)GTTTAAGAGCTATGCTGGAA,CCTTTCCAGGCGCAGTCAG,CRISPR Guide Capture,ENSG00000119866,BCL11A
TCF4_347_Flashfry_promoter,TCF4;ENST00000675707::chr18:55423758-55424258(-),R2,(BC)GTTTAAGAGCTATGCTGGAA,CGATTATGAAGACGTCAGT,CRISPR Guide Capture,ENSG00000196628,TCF4
FOXP1_175_Flashfry_promoter,FOXP1;ENST00000649610::chr3:71581949-71582449(-),R2,(BC)GTTTAAGAGCTATGCTGGAA,CGATTTCGAAGCAAACACA,CRISPR Guide Capture,ENSG00000114861,FOXP1
CHD8_63_promoter,CHD8,R2,(BC)GTTTAAGAGCTATGCTGGAA,CGCAAAGGGTGGGACTATA,CRISPR Guide Capture,ENSG00000100888,CHD8
chr20.2382_439_Gasperini_NTC,chr20.2382,R2,(BC)GTTTAAGAGCTATGCTGGAA,CGCAAGATTGTCTCAGGAA,CRISPR Guide Capture,Non-Targeting,Non-Targeting
chr17.5545_425_Gasperini_NTC,chr17.5545,R2,(BC)GTTTAAGAGCTATGCTGGAA,CGCAATGCACCCTTCCAAT,CRISPR Guide Capture,Non-Targeting,Non-Targeting
HDAC6_181_TSS_pos_ctrl,HDAC6,R2,(BC)GTTTAAGAGCTATGCTGGAA,CGCCTGTGAGCTCGCGGTG,CRISPR Guide Capture,ENSG00000094631,HDAC6
FOXP1_148_Flashfry_promoter,FOXP1;ENST00000614176;ENST00000650387::chr3:71064927-71065484(-),R2,(BC)GTTTAAGAGCTATGCTGGAA,CGCGGCGCGGGGTGTTTAG,CRISPR Guide Capture,ENSG00000114861,FOXP1
TBR1_315_promoter,TBR1,R2,(BC)GTTTAAGAGCTATGCTGGAA,CGCTCTAAAGGGGGGAAGG,CRISPR Guide Capture,ENSG00000136535,TBR1
SHANK3_271_promoter,SHANK3,R2,(BC)GTTTAAGAGCTATGCTGGAA,CGGACGCGGGACGGTGGTC,CRISPR Guide Capture,ENSG00000251322,SHANK3
FOXP1_150_Flashfry_promoter,FOXP1;ENST00000614176;ENST00000650387::chr3:71064927-71065484(-),R2,(BC)GTTTAAGAGCTATGCTGGAA,CGGCAGGTGAAATCACGCT,CRISPR Guide Capture,ENSG00000114861,FOXP1
negative_225_Horlbeck_NTC,negative_control,R2,(BC)GTTTAAGAGCTATGCTGGAA,CGGCGTTGAGTGAGCAAAA,CRISPR Guide Capture,Non-Targeting,Non-Targeting
CHD8_58_promoter,CHD8,R2,(BC)GTTTAAGAGCTATGCTGGAA,CGGGCTTCGGTGCTGCCAT,CRISPR Guide Capture,ENSG00000100888,CHD8
RAD54L_239_TSS_pos_ctrl,RAD54L,R2,(BC)GTTTAAGAGCTATGCTGGAA,CGGTTGGGCGAGAAGAGAG,CRISPR Guide Capture,ENSG00000085999,RAD54L
negative_230_Horlbeck_NTC,negative_control,R2,(BC)GTTTAAGAGCTATGCTGGAA,CGGTTGGTAGCAGACGCCG,CRISPR Guide Capture,Non-Targeting,Non-Targeting
negative_199_Horlbeck_NTC,negative_control,R2,(BC)GTTTAAGAGCTATGCTGGAA,CGTAGTTCTAACGAAGGAT,CRISPR Guide Capture,Non-Targeting,Non-Targeting
FOXP1_131_Flashfry_promoter,FOXP1;ENST00000475937::chr3:71543558-71544058(-),R2,(BC)GTTTAAGAGCTATGCTGGAA,CGTGACTCTCAGCTAGCCG,CRISPR Guide Capture,ENSG00000114861,FOXP1
chr6.2479_476_Gasperini_enhancer,chr6.2479,R2,(BC)GTTTAAGAGCTATGCTGGAA,CGTGATCCACTTATCTCTA,CRISPR Guide Capture,ENSG00000137193,PIM1
FOXP1_149_Flashfry_promoter,FOXP1;ENST00000614176;ENST00000650387::chr3:71064927-71065484(-),R2,(BC)GTTTAAGAGCTATGCTGGAA,CGTGATTTCACCTGCCGCG,CRISPR Guide Capture,ENSG00000114861,FOXP1
chr1.10703_396_Gasperini_enhancer,chr1.10703,R2,(BC)GTTTAAGAGCTATGCTGGAA,CTAAAGTAGAACTACAGGT,CRISPR Guide Capture,ENSG00000163435,ELF3
FOXP1_144_Flashfry_promoter,FOXP1;ENST00000498215::chr3:71245365-71245865(-),R2,(BC)GTTTAAGAGCTATGCTGGAA,CTAACACTTGAAAAAAAAA,CRISPR Guide Capture,ENSG00000114861,FOXP1
chr20.2382_440_Gasperini_NTC,chr20.2382,R2,(BC)GTTTAAGAGCTATGCTGGAA,CTAACATTTATAAAGTGCA,CRISPR Guide Capture,Non-Targeting,Non-Targeting
chr2.1528_430_Gasperini_enhancer,chr2.1528,R2,(BC)GTTTAAGAGCTATGCTGGAA,CTACTGATAAAAAGCCGAG,CRISPR Guide Capture,ENSG00000143891,GALM
SYNGAP1_304_Flashfry_promoter,SYNGAP1;ENST00000418600;ENST00000449372;ENST00000628646;ENST00000629380;ENST00000644458;ENST00000646630::chr6:33419564-33420264(+),R2,(BC)GTTTAAGAGCTATGCTGGAA,CTAGACTCAGAAAAAGATG,CRISPR Guide Capture,ENSG00000197283,SYNGAP1
TCF4_355_Flashfry_promoter,TCF4;ENST00000540999;ENST00000568673::chr18:55585909-55586606(-),R2,(BC)GTTTAAGAGCTATGCTGGAA,CTAGATACGTCGAAGAAGA,CRISPR Guide Capture,ENSG00000196628,TCF4
SHANK3_282_Flashfry_promoter,SHANK3;ENST00000664402::chr22:50704995-50705495(+),R2,(BC)GTTTAAGAGCTATGCTGGAA,CTAGCACCAGGGATCGGGA,CRISPR Guide Capture,ENSG00000251322,SHANK3
FOXP1_99_promoter,FOXP1,R2,(BC)GTTTAAGAGCTATGCTGGAA,CTAGCCGTGGAGGCACATG,CRISPR Guide Capture,ENSG00000114861,FOXP1
ANK2_7_promoter,ANK2,R2,(BC)GTTTAAGAGCTATGCTGGAA,CTAGCGGGTATGCACTTAC,CRISPR Guide Capture,ENSG00000145362,ANK2
FOXP1_141_Flashfry_promoter,FOXP1;ENST00000491238;ENST00000497355;ENST00000648748;ENST00000649695;ENST00000674446::chr3:71130593-71131888(-),R2,(BC)GTTTAAGAGCTATGCTGGAA,CTAGGGCTTGGTCTAGCCA,CRISPR Guide Capture,ENSG00000114861,FOXP1
SYNGAP1_305_Flashfry_promoter,SYNGAP1;ENST00000418600;ENST00000449372;ENST00000628646;ENST00000629380;ENST00000644458;ENST00000646630::chr6:33419564-33420264(+),R2,(BC)GTTTAAGAGCTATGCTGGAA,CTAGGGTCTCTCTGTCTCA,CRISPR Guide Capture,ENSG00000197283,SYNGAP1
FOXP1_166_Flashfry_promoter,FOXP1;ENST00000648662::chr3:71288370-71288870(-),R2,(BC)GTTTAAGAGCTATGCTGGAA,CTATATTAGTAAAAGGTAA,CRISPR Guide Capture,ENSG00000114861,FOXP1
TCF4_372_Flashfry_promoter,TCF4;ENST00000561992;ENST00000626584::chr18:55422357-55422993(-),R2,(BC)GTTTAAGAGCTATGCTGGAA,CTATGATGGAAATTTAGGG,CRISPR Guide Capture,ENSG00000196628,TCF4
chr1.7358_401_Gasperini_enhancer,chr1.7358,R2,(BC)GTTTAAGAGCTATGCTGGAA,CTATTTAAGAGGCTAAATG,CRISPR Guide Capture,ENSG00000152078,TMEM56
FOXP1_136_Flashfry_promoter,FOXP1;ENST00000484350::chr3:71304761-71305261(-),R2,(BC)GTTTAAGAGCTATGCTGGAA,CTCACAGTTTCCAACCGGC,CRISPR Guide Capture,ENSG00000114861,FOXP1
chrX.232_495_Gasperini_enhancer,chrX.232,R2,(BC)GTTTAAGAGCTATGCTGGAA,CTCAGGGAACCACAAGCCA,CRISPR Guide Capture,ENSG00000205542,TMSB4X
chr17.3823_419_Gasperini_enhancer,chr17.3823,R2,(BC)GTTTAAGAGCTATGCTGGAA,CTCCAGATAGTGTTAGCTG,CRISPR Guide Capture,ENSG00000141179,PCTP
FOXP1_134_Flashfry_promoter,FOXP1;ENST00000475937::chr3:71543558-71544058(-),R2,(BC)GTTTAAGAGCTATGCTGGAA,CTCCAGGCACAGAAGTAGA,CRISPR Guide Capture,ENSG00000114861,FOXP1
chr16.1337_415_Gasperini_enhancer,chr16.1337,R2,(BC)GTTTAAGAGCTATGCTGGAA,CTCCATCCTGAGTCAACGC,CRISPR Guide Capture,ENSG00000103381,CPPED1
chr1.5287_400_Gasperini_NTC,chr1.5287,R2,(BC)GTTTAAGAGCTATGCTGGAA,CTCCCAGAGACACAGGTGA,CRISPR Guide Capture,Non-Targeting,Non-Targeting
GNB2_180_TSS_pos_ctrl,GNB2,R2,(BC)GTTTAAGAGCTATGCTGGAA,CTCCCGCCCCGCCTGGAAT,CRISPR Guide Capture,ENSG00000172354,GNB2
chr9.871_489_Gasperini_enhancer,chr9.871,R2,(BC)GTTTAAGAGCTATGCTGGAA,CTCCCTGAAGCTAAGTAAT,CRISPR Guide Capture,ENSG00000135046,ANXA1
ANK2_17_Flashfry_promoter,ANK2;ENST00000505342;ENST00000509550;ENST00000672411;ENST00000672915;ENST00000673048;ENST00000673231;ENST00000673353::chr4:113292337-113293152(+),R2,(BC)GTTTAAGAGCTATGCTGGAA,CTCCCTTAAGAAGGCGAGG,CRISPR Guide Capture,ENSG00000145362,ANK2
TBR1_313_promoter,TBR1,R2,(BC)GTTTAAGAGCTATGCTGGAA,CTCCTGGTAGCGACGATCA,CRISPR Guide Capture,ENSG00000136535,TBR1
SYNGAP1_307_Flashfry_promoter,SYNGAP1;ENST00000682587::chr6:33427729-33428229(+),R2,(BC)GTTTAAGAGCTATGCTGGAA,CTCGTGACAGAGGCGGCCA,CRISPR Guide Capture,ENSG00000197283,SYNGAP1
CHD8_79_promoter,CHD8,R2,(BC)GTTTAAGAGCTATGCTGGAA,CTCTCAACCTAACCTGCGG,CRISPR Guide Capture,ENSG00000100888,CHD8
chr6.2479_475_Gasperini_enhancer,chr6.2479,R2,(BC)GTTTAAGAGCTATGCTGGAA,CTCTCATCTGAGAGCCAAG,CRISPR Guide Capture,ENSG00000137193,PIM1
CHD8_65_promoter,CHD8,R2,(BC)GTTTAAGAGCTATGCTGGAA,CTCTGACGACTCAGTTCAC,CRISPR Guide Capture,ENSG00000100888,CHD8
chr4.2290_458_Gasperini_enhancer,chr4.2290,R2,(BC)GTTTAAGAGCTATGCTGGAA,CTGAAATGATACATGGGGA,CRISPR Guide Capture,ENSG00000168785,TSPAN5
chr1.1933_397_Gasperini_NTC,chr1.1933,R2,(BC)GTTTAAGAGCTATGCTGGAA,CTGAAGTCGAGGTGTGGCA,CRISPR Guide Capture,Non-Targeting,Non-Targeting
SCN2A_249_Flashfry_promoter,SCN2A;ENST00000375437;ENST00000631182;ENST00000636071;ENST00000636985::chr2:165238913-165239444(+),R2,(BC)GTTTAAGAGCTATGCTGGAA,CTGACTGCTACATAGCCAA,CRISPR Guide Capture,ENSG00000136531,SCN2A
SHANK3_263_Flashfry_promoter,SHANK3;ENST00000262795;ENST00000445220::chr22:50674141-50674891(+),R2,(BC)GTTTAAGAGCTATGCTGGAA,CTGAGACGGGAGGGAAGCG,CRISPR Guide Capture,ENSG00000251322,SHANK3
TCF4_381_Flashfry_promoter,TCF4;ENST00000398339::chr18:55636028-55636528(-),R2,(BC)GTTTAAGAGCTATGCTGGAA,CTGAGATAGCATCCTGAAA,CRISPR Guide Capture,ENSG00000196628,TCF4
TCF4_373_Flashfry_promoter,TCF4;ENST00000561992;ENST00000626584::chr18:55422357-55422993(-),R2,(BC)GTTTAAGAGCTATGCTGGAA,CTGATGGCTAATTATGCAT,CRISPR Guide Capture,ENSG00000196628,TCF4
chr17.5435_422_Gasperini_enhancer,chr17.5435,R2,(BC)GTTTAAGAGCTATGCTGGAA,CTGCCTCCCTTTATCTCAG,CRISPR Guide Capture,ENSG00000184557,SOCS3
BCL11A_48_Flashfry_promoter,BCL11A;ENST00000489516::chr2:60550926-60551426(-),R2,(BC)GTTTAAGAGCTATGCTGGAA,CTGCGCCTGGAAAGGCGGG,CRISPR Guide Capture,ENSG00000119866,BCL11A
CHD8_75_Flashfry_promoter,CHD8;ENST00000645929;ENST00000646647::chr14:21456091-21456624(-),R2,(BC)GTTTAAGAGCTATGCTGGAA,CTGCGCTCCCATCCGCCAA,CRISPR Guide Capture,ENSG00000100888,CHD8
chr3.3131_446_Gasperini_NTC,chr3.3131,R2,(BC)GTTTAAGAGCTATGCTGGAA,CTGCTAACAGCACATTCCA,CRISPR Guide Capture,Non-Targeting,Non-Targeting
SHANK3_272_promoter,SHANK3,R2,(BC)GTTTAAGAGCTATGCTGGAA,CTGGAGCCGGTGAACGGGA,CRISPR Guide Capture,ENSG00000251322,SHANK3
RBM6_240_TSS_pos_ctrl,RBM6,R2,(BC)GTTTAAGAGCTATGCTGGAA,CTGGCAGGGAGCAAACCTC,CRISPR Guide Capture,ENSG00000004534,RBM6
SCN2A_247_Flashfry_promoter,SCN2A;ENST00000283256::chr2:165293530-165294030(+),R2,(BC)GTTTAAGAGCTATGCTGGAA,CTGTACAGGGACTACAAAA,CRISPR Guide Capture,ENSG00000136531,SCN2A
TCF4_361_Flashfry_promoter,TCF4;ENST00000543082::chr18:55510773-55511273(-),R2,(BC)GTTTAAGAGCTATGCTGGAA,CTTCCTTTACGCATCAAGC,CRISPR Guide Capture,ENSG00000196628,TCF4
chr2.185_436_Gasperini_enhancer,chr2.185,R2,(BC)GTTTAAGAGCTATGCTGGAA,CTTCTTTCAGGAAAACCCA,CRISPR Guide Capture,ENSG00000115738,ID2
CHD8_57_promoter,CHD8,R2,(BC)GTTTAAGAGCTATGCTGGAA,CTTGAGGGTGGAAGGTCCT,CRISPR Guide Capture,ENSG00000100888,CHD8
TCF4_377_Flashfry_promoter,TCF4;ENST00000354452;ENST00000356073;ENST00000564999;ENST00000566279;ENST00000566286;ENST00000616053;ENST00000635822::chr18:55588193-55589130(-),R2,(BC)GTTTAAGAGCTATGCTGGAA,CTTGCAATTCCGTGCGCCT,CRISPR Guide Capture,ENSG00000196628,TCF4
FOXP1_162_Flashfry_promoter,FOXP1;ENST00000649592;ENST00000650188::chr3:71132100-71132712(-),R2,(BC)GTTTAAGAGCTATGCTGGAA,CTTGCTTTGCAGTCCCAGA,CRISPR Guide Capture,ENSG00000114861,FOXP1
chr17.5536_423_Gasperini_NTC,chr17.5536,R2,(BC)GTTTAAGAGCTATGCTGGAA,CTTGGAAGTGGCATGTCAT,CRISPR Guide Capture,Non-Targeting,Non-Targeting
negative_194_Horlbeck_NTC,negative_control,R2,(BC)GTTTAAGAGCTATGCTGGAA,CTTGGGTGATGTTCCATTC,CRISPR Guide Capture,Non-Targeting,Non-Targeting
chr22.1257_442_Gasperini_enhancer,chr22.1257,R2,(BC)GTTTAAGAGCTATGCTGGAA,CTTGGTCACCAACATTTAG,CRISPR Guide Capture,ENSG00000182541,LIMK2
TCF4_348_Flashfry_promoter,TCF4;ENST00000675707::chr18:55423758-55424258(-),R2,(BC)GTTTAAGAGCTATGCTGGAA,CTTTGGCTCCTGTAAAGAG,CRISPR Guide Capture,ENSG00000196628,TCF4
FOXP1_119_Flashfry_promoter,FOXP1;ENST00000648380::chr3:71493565-71494065(-),R2,(BC)GTTTAAGAGCTATGCTGGAA,GAAAACACCGTTCAAGCCA,CRISPR Guide Capture,ENSG00000114861,FOXP1
SCN2A_259_promoter,SCN2A,R2,(BC)GTTTAAGAGCTATGCTGGAA,GAAAGGTTAAAGATAAGGC,CRISPR Guide Capture,ENSG00000136531,SCN2A
FOXP1_158_Flashfry_promoter,FOXP1;ENST00000648107::chr3:71289714-71290214(-),R2,(BC)GTTTAAGAGCTATGCTGGAA,GAACTCACCAAGGAAGCAG,CRISPR Guide Capture,ENSG00000114861,FOXP1
TCF4_383_Flashfry_promoter,TCF4;ENST00000398339::chr18:55636028-55636528(-),R2,(BC)GTTTAAGAGCTATGCTGGAA,GAAGGAAGCCGAAGAGAAA,CRISPR Guide Capture,ENSG00000196628,TCF4
SYNGAP1_297_Flashfry_promoter,SYNGAP1;ENST00000428982;ENST00000645250::chr6:33431230-33431910(+),R2,(BC)GTTTAAGAGCTATGCTGGAA,GAAGGACACCAAAGATCCA,CRISPR Guide Capture,ENSG00000197283,SYNGAP1
chr22.1857_444_Gasperini_NTC,chr22.1857,R2,(BC)GTTTAAGAGCTATGCTGGAA,GAAGGAGATAAAAAACAGA,CRISPR Guide Capture,Non-Targeting,Non-Targeting
ANK2_1_promoter,ANK2,R2,(BC)GTTTAAGAGCTATGCTGGAA,GAAGGGGCGCGCACTGGGA,CRISPR Guide Capture,ENSG00000145362,ANK2
CHD8_59_promoter,CHD8,R2,(BC)GTTTAAGAGCTATGCTGGAA,GAAGTCTCTTGAGGGTGGA,CRISPR Guide Capture,ENSG00000100888,CHD8
BCL11A_49_Flashfry_promoter,BCL11A;ENST00000646249::chr2:60554468-60554968(-),R2,(BC)GTTTAAGAGCTATGCTGGAA,GAATGTGCTCACGGCGCCG,CRISPR Guide Capture,ENSG00000119866,BCL11A
SYNGAP1_294_Flashfry_promoter,SYNGAP1;ENST00000428982;ENST00000645250::chr6:33431230-33431910(+),R2,(BC)GTTTAAGAGCTATGCTGGAA,GACAGACAGGGGTTCCAGG,CRISPR Guide Capture,ENSG00000197283,SYNGAP1
chr2.1584_432_Gasperini_NTC,chr2.1584,R2,(BC)GTTTAAGAGCTATGCTGGAA,GACAGCACCGACAAAAAGG,CRISPR Guide Capture,Non-Targeting,Non-Targeting
SYNGAP1_298_Flashfry_promoter,SYNGAP1;ENST00000682587::chr6:33427729-33428229(+),R2,(BC)GTTTAAGAGCTATGCTGGAA,GACAGCGCGAGAGAGACGG,CRISPR Guide Capture,ENSG00000197283,SYNGAP1
TCF4_341_Flashfry_promoter,TCF4;ENST00000636822::chr18:55384197-55384697(-),R2,(BC)GTTTAAGAGCTATGCTGGAA,GACCAACAAAAACTGGCAT,CRISPR Guide Capture,ENSG00000196628,TCF4
FOXP1_165_Flashfry_promoter,FOXP1;ENST00000648662::chr3:71288370-71288870(-),R2,(BC)GTTTAAGAGCTATGCTGGAA,GACCCGTTCTCTAATCTGA,CRISPR Guide Capture,ENSG00000114861,FOXP1
negative_224_Horlbeck_NTC,negative_control,R2,(BC)GTTTAAGAGCTATGCTGGAA,GACCTCGTTTACATTATCG,CRISPR Guide Capture,Non-Targeting,Non-Targeting
negative_209_Horlbeck_NTC,negative_control,R2,(BC)GTTTAAGAGCTATGCTGGAA,GACGCGGCACCCACATGGA,CRISPR Guide Capture,Non-Targeting,Non-Targeting
ANO5_31_TSS_pos_ctrl,ANO5,R2,(BC)GTTTAAGAGCTATGCTGGAA,GACGGCTTGAGCGGAGAGG,CRISPR Guide Capture,ENSG00000171714,ANO5
SHANK3_269_Flashfry_promoter,SHANK3;ENST00000664402::chr22:50704995-50705495(+),R2,(BC)GTTTAAGAGCTATGCTGGAA,GACTGGCAGTCTAGCACCA,CRISPR Guide Capture,ENSG00000251322,SHANK3
TCF4_333_promoter,TCF4,R2,(BC)GTTTAAGAGCTATGCTGGAA,GACTTGCTCCGGGTCGGGC,CRISPR Guide Capture,ENSG00000196628,TCF4
chr5.1314_462_Gasperini_enhancer,chr5.1314,R2,(BC)GTTTAAGAGCTATGCTGGAA,GAGACTTACCACTATCATG,CRISPR Guide Capture,ENSG00000178996,SNX18
FOXP1_95_promoter,FOXP1,R2,(BC)GTTTAAGAGCTATGCTGGAA,GAGAGAGGCCAACACGTCG,CRISPR Guide Capture,ENSG00000114861,FOXP1
KIAA1324L_185_TSS_pos_ctrl,KIAA1324L,R2,(BC)GTTTAAGAGCTATGCTGGAA,GAGCGCCGCGCAGCCCCTG,CRISPR Guide Capture,ENSG00000164659,KIAA1324L
chr6.2134_473_Gasperini_NTC,chr6.2134,R2,(BC)GTTTAAGAGCTATGCTGGAA,GAGCTGCAGTCGAATCGCA,CRISPR Guide Capture,Non-Targeting,Non-Targeting
DYRK2_84_TSS_pos_ctrl,DYRK2,R2,(BC)GTTTAAGAGCTATGCTGGAA,GAGGCCGCCGAGTTTTCCG,CRISPR Guide Capture,ENSG00000127334,DYRK2
CHD8_73_Flashfry_promoter,CHD8;ENST00000430710;ENST00000557364;ENST00000643469::chr14:21437246-21437809(-),R2,(BC)GTTTAAGAGCTATGCTGGAA,GAGGCCTATCCGGTTTCTA,CRISPR Guide Capture,ENSG00000100888,CHD8
CHD8_64_promoter,CHD8,R2,(BC)GTTTAAGAGCTATGCTGGAA,GAGGGTGGAAGGTCCTAGG,CRISPR Guide Capture,ENSG00000100888,CHD8
negative_189_Horlbeck_NTC,negative_control,R2,(BC)GTTTAAGAGCTATGCTGGAA,GAGGTCAACCTAACCATTC,CRISPR Guide Capture,Non-Targeting,Non-Targeting
chr5.4349_465_Gasperini_NTC,chr5.4349,R2,(BC)GTTTAAGAGCTATGCTGGAA,GAGTACTGAATGCTCAACG,CRISPR Guide Capture,Non-Targeting,Non-Targeting
FOXP1_135_Flashfry_promoter,FOXP1;ENST00000484350::chr3:71304761-71305261(-),R2,(BC)GTTTAAGAGCTATGCTGGAA,GAGTGTGCTGTTCCCCCGC,CRISPR Guide Capture,ENSG00000114861,FOXP1
ANK2_13_Flashfry_promoter,ANK2;ENST00000671971;ENST00000672240;ENST00000673240;ENST00000673363::chr4:113116196-113116696(+),R2,(BC)GTTTAAGAGCTATGCTGGAA,GAGTTACTTGCCACTGCCG,CRISPR Guide Capture,ENSG00000145362,ANK2
chr6.918_481_Gasperini_NTC,chr6.918,R2,(BC)GTTTAAGAGCTATGCTGGAA,GATAAGAGAACTTGCCCTG,CRISPR Guide Capture,Non-Targeting,Non-Targeting
negative_231_Horlbeck_NTC,negative_control,R2,(BC)GTTTAAGAGCTATGCTGGAA,GATCCGAACAGCGGTGGGT,CRISPR Guide Capture,Non-Targeting,Non-Targeting
negative_235_Horlbeck_NTC,negative_control,R2,(BC)GTTTAAGAGCTATGCTGGAA,GATCCTCGTGCCCATAACC,CRISPR Guide Capture,Non-Targeting,Non-Targeting
ANK2_14_Flashfry_promoter,ANK2;ENST00000503423;ENST00000506722;ENST00000671756;ENST00000671793;ENST00000671809;ENST00000671825;ENST00000671854;ENST00000671893;ENST00000671906;ENST00000672068;ENST00000672088;ENST00000672090;ENS,R2,(BC)GTTTAAGAGCTATGCTGGAA,GATCTACTGAAAGGCGGTG,CRISPR Guide Capture,ENSG00000145362,ANK2
chr6.2134_474_Gasperini_NTC,chr6.2134,R2,(BC)GTTTAAGAGCTATGCTGGAA,GATGAGGAGGAGAGCCTGG,CRISPR Guide Capture,Non-Targeting,Non-Targeting
SCN2A_258_promoter,SCN2A,R2,(BC)GTTTAAGAGCTATGCTGGAA,GATGGTTCCACTTTTGACC,CRISPR Guide Capture,ENSG00000136531,SCN2A
chr5.4349_466_Gasperini_NTC,chr5.4349,R2,(BC)GTTTAAGAGCTATGCTGGAA,GATTCATCAAAGGAAAAAG,CRISPR Guide Capture,Non-Targeting,Non-Targeting
FOXP1_176_Flashfry_promoter,FOXP1;ENST00000649610::chr3:71581949-71582449(-),R2,(BC)GTTTAAGAGCTATGCTGGAA,GATTTCGAAGCAAACACAT,CRISPR Guide Capture,ENSG00000114861,FOXP1
CHD8_78_promoter,CHD8,R2,(BC)GTTTAAGAGCTATGCTGGAA,GCAAAACAGCGCAAAGGGT,CRISPR Guide Capture,ENSG00000100888,CHD8
EIF1AX_86_TSS_pos_ctrl,EIF1AX,R2,(BC)GTTTAAGAGCTATGCTGGAA,GCAAGCCAGAGAGGACGCG,CRISPR Guide Capture,ENSG00000173674,EIF1AX
TCF4_331_promoter,TCF4,R2,(BC)GTTTAAGAGCTATGCTGGAA,GCAAGTCGCGTCTCCCCGC,CRISPR Guide Capture,ENSG00000196628,TCF4
FOXP1_117_promoter,FOXP1,R2,(BC)GTTTAAGAGCTATGCTGGAA,GCAGAAGCGAGAGTTCCGT,CRISPR Guide Capture,ENSG00000114861,FOXP1
chr17.5435_421_Gasperini_enhancer,chr17.5435,R2,(BC)GTTTAAGAGCTATGCTGGAA,GCCCCGCTGAGATAAAGGG,CRISPR Guide Capture,ENSG00000184557,SOCS3
chrX.232_496_Gasperini_enhancer,chrX.232,R2,(BC)GTTTAAGAGCTATGCTGGAA,GCCCGCTCTACTTCCACCG,CRISPR Guide Capture,ENSG00000205542,TMSB4X
negative_218_Horlbeck_NTC,negative_control,R2,(BC)GTTTAAGAGCTATGCTGGAA,GCCGAGTGGAATGAATTTC,CRISPR Guide Capture,Non-Targeting,Non-Targeting
SHANK3_274_promoter,SHANK3,R2,(BC)GTTTAAGAGCTATGCTGGAA,GCCGCCTGGAGCCGGTGAA,CRISPR Guide Capture,ENSG00000251322,SHANK3
ANK2_8_promoter,ANK2,R2,(BC)GTTTAAGAGCTATGCTGGAA,GCCTGTACAGACCACTAGC,CRISPR Guide Capture,ENSG00000145362,ANK2
FAM91A1_87_TSS_pos_ctrl,FAM91A1,R2,(BC)GTTTAAGAGCTATGCTGGAA,GCGACGACGAGGTACCGGG,CRISPR Guide Capture,ENSG00000176853,FAM91A1
negative_227_Horlbeck_NTC,negative_control,R2,(BC)GTTTAAGAGCTATGCTGGAA,GCGCAAGACGATGGGGTAA,CRISPR Guide Capture,Non-Targeting,Non-Targeting
CHD8_81_promoter,CHD8,R2,(BC)GTTTAAGAGCTATGCTGGAA,GCGCACGGAGAGGCCTATC,CRISPR Guide Capture,ENSG00000100888,CHD8
CCNE2_55_TSS_pos_ctrl,CCNE2,R2,(BC)GTTTAAGAGCTATGCTGGAA,GCGCGCCCGCCACCCGGAG,CRISPR Guide Capture,ENSG00000175305,CCNE2
CHD8_80_promoter,CHD8,R2,(BC)GTTTAAGAGCTATGCTGGAA,GCGCTCTCAACCTAACCTG,CRISPR Guide Capture,ENSG00000100888,CHD8
SYNGAP1_301_promoter,SYNGAP1,R2,(BC)GTTTAAGAGCTATGCTGGAA,GCGGCAGCCGAGAGAGAGG,CRISPR Guide Capture,ENSG00000197283,SYNGAP1
negative_208_Horlbeck_NTC,negative_control,R2,(BC)GTTTAAGAGCTATGCTGGAA,GCGGGCTCGTCATCGCATG,CRISPR Guide Capture,Non-Targeting,Non-Targeting
ANK2_9_promoter,ANK2,R2,(BC)GTTTAAGAGCTATGCTGGAA,GCGGGTATGCACTTACTGG,CRISPR Guide Capture,ENSG00000145362,ANK2
TCF4_386_Flashfry_promoter,TCF4;ENST00000457482;ENST00000570287;ENST00000637169::chr18:55321641-55322723(-),R2,(BC)GTTTAAGAGCTATGCTGGAA,GCGTCTGACAGCAGCGCCG,CRISPR Guide Capture,ENSG00000196628,TCF4
negative_226_Horlbeck_NTC,negative_control,R2,(BC)GTTTAAGAGCTATGCTGGAA,GCTCATGTTAGACAAGATA,CRISPR Guide Capture,Non-Targeting,Non-Targeting
BCL11A_36_promoter,BCL11A,R2,(BC)GTTTAAGAGCTATGCTGGAA,GCTCCGCGGACGCCAGACG,CRISPR Guide Capture,ENSG00000119866,BCL11A
chr3.4443_453_Gasperini_enhancer,chr3.4443,R2,(BC)GTTTAAGAGCTATGCTGGAA,GCTGAGGTGAGAAAGTGCG,CRISPR Guide Capture,ENSG00000181788,SIAH2
FOXP1_105_promoter,FOXP1,R2,(BC)GTTTAAGAGCTATGCTGGAA,GCTTCCCCACTCTGTTTTG,CRISPR Guide Capture,ENSG00000114861,FOXP1
TBR1_312_promoter,TBR1,R2,(BC)GTTTAAGAGCTATGCTGGAA,GCTTGTGCAGCCGATGAAA,CRISPR Guide Capture,ENSG00000136535,TBR1
FOXP1_94_promoter,FOXP1,R2,(BC)GTTTAAGAGCTATGCTGGAA,GGAACGCCAGAGCAGTCCC,CRISPR Guide Capture,ENSG00000114861,FOXP1
SYNGAP1_295_Flashfry_promoter,SYNGAP1;ENST00000428982;ENST00000645250::chr6:33431230-33431910(+),R2,(BC)GTTTAAGAGCTATGCTGGAA,GGAAGATGTGCCCACCAGG,CRISPR Guide Capture,ENSG00000197283,SYNGAP1
FOXP1_125_Flashfry_promoter,FOXP1;ENST00000318779;ENST00000318789;ENST00000493089;ENST00000615603;ENST00000648718;ENST00000649528;ENST00000649596;ENST00000649631::chr3:71583600-71584490(-),R2,(BC)GTTTAAGAGCTATGCTGGAA,GGAAGCTAGTCCGGAGCGG,CRISPR Guide Capture,ENSG00000114861,FOXP1
chr10.805_406_Gasperini_NTC,chr10.805,R2,(BC)GTTTAAGAGCTATGCTGGAA,GGACAATTGAGCTTGGCAG,CRISPR Guide Capture,Non-Targeting,Non-Targeting
TCF4_338_Flashfry_promoter,TCF4;ENST00000567880;ENST00000638154::chr18:55587117-55587850(-),R2,(BC)GTTTAAGAGCTATGCTGGAA,GGACCGAGGACTTTGCCAG,CRISPR Guide Capture,ENSG00000196628,TCF4
FOXP1_142_Flashfry_promoter,FOXP1;ENST00000491238;ENST00000497355;ENST00000648748;ENST00000649695;ENST00000674446::chr3:71130593-71131888(-),R2,(BC)GTTTAAGAGCTATGCTGGAA,GGAGCGGTTTAGATATGTG,CRISPR Guide Capture,ENSG00000114861,FOXP1
TCF4_375_Flashfry_promoter,TCF4;ENST00000567880;ENST00000638154::chr18:55587117-55587850(-),R2,(BC)GTTTAAGAGCTATGCTGGAA,GGATGGGAGACTTGTTGTT,CRISPR Guide Capture,ENSG00000196628,TCF4
chr1.10703_395_Gasperini_enhancer,chr1.10703,R2,(BC)GTTTAAGAGCTATGCTGGAA,GGATGGGTTAAGATCCGAT,CRISPR Guide Capture,ENSG00000163435,ELF3
FOXP1_127_Flashfry_promoter,FOXP1;ENST00000468577;ENST00000648426::chr3:71198382-71198893(-),R2,(BC)GTTTAAGAGCTATGCTGGAA,GGCATGGCCCACTAATGAG,CRISPR Guide Capture,ENSG00000114861,FOXP1
chrX.2694_497_Gasperini_NTC,chrX.2694,R2,(BC)GTTTAAGAGCTATGCTGGAA,GGCCACCCTTACTTCACAG,CRISPR Guide Capture,Non-Targeting,Non-Targeting
SOS1_286_TSS_pos_ctrl,SOS1,R2,(BC)GTTTAAGAGCTATGCTGGAA,GGCCCGAGAAGTCGCACCC,CRISPR Guide Capture,ENSG00000115904,SOS1
IRF2_182_TSS_pos_ctrl,IRF2,R2,(BC)GTTTAAGAGCTATGCTGGAA,GGCGAACTTCCGCACCTCC,CRISPR Guide Capture,ENSG00000168310,IRF2
negative_216_Horlbeck_NTC,negative_control,R2,(BC)GTTTAAGAGCTATGCTGGAA,GGCGAGGAATGCGCCTATA,CRISPR Guide Capture,Non-Targeting,Non-Targeting
ANK2_2_promoter,ANK2,R2,(BC)GTTTAAGAGCTATGCTGGAA,GGCGCGCACTGGGAGGGTA,CRISPR Guide Capture,ENSG00000145362,ANK2
CHD8_66_promoter,CHD8,R2,(BC)GTTTAAGAGCTATGCTGGAA,GGCGCTCACACTAGCTCGC,CRISPR Guide Capture,ENSG00000100888,CHD8
TCF4_337_Flashfry_promoter,TCF4;ENST00000567880;ENST00000638154::chr18:55587117-55587850(-),R2,(BC)GTTTAAGAGCTATGCTGGAA,GGGACCGAGGACTTTGCCA,CRISPR Guide Capture,ENSG00000196628,TCF4
TCF4_328_promoter,TCF4,R2,(BC)GTTTAAGAGCTATGCTGGAA,GGGAGGGGGAAACACGCCG,CRISPR Guide Capture,ENSG00000196628,TCF4
SHANK3_277_promoter,SHANK3,R2,(BC)GTTTAAGAGCTATGCTGGAA,GGGAGGGGGAGTTCGGACG,CRISPR Guide Capture,ENSG00000251322,SHANK3
FOXP1_108_promoter,FOXP1,R2,(BC)GTTTAAGAGCTATGCTGGAA,GGGAGGTAGAGGGTCGGGC,CRISPR Guide Capture,ENSG00000114861,FOXP1
SHANK3_273_promoter,SHANK3,R2,(BC)GTTTAAGAGCTATGCTGGAA,GGGCAGCCTAGTGGGAGCG,CRISPR Guide Capture,ENSG00000251322,SHANK3
BCL11A_40_promoter,BCL11A,R2,(BC)GTTTAAGAGCTATGCTGGAA,GGGCCGCGTCTGGCGTCCG,CRISPR Guide Capture,ENSG00000119866,BCL11A
SHANK3_275_promoter,SHANK3,R2,(BC)GTTTAAGAGCTATGCTGGAA,GGGCCGGTGTCCAGGACGA,CRISPR Guide Capture,ENSG00000251322,SHANK3
FOXP1_106_promoter,FOXP1,R2,(BC)GTTTAAGAGCTATGCTGGAA,GGGCTCCGGGAAGCTAGTC,CRISPR Guide Capture,ENSG00000114861,FOXP1
chr3.4443_454_Gasperini_enhancer,chr3.4443,R2,(BC)GTTTAAGAGCTATGCTGGAA,GGGGAAATAACAAGTCCAA,CRISPR Guide Capture,ENSG00000181788,SIAH2
TCF4_334_promoter,TCF4,R2,(BC)GTTTAAGAGCTATGCTGGAA,GGGGAGACGCGACTTGCTC,CRISPR Guide Capture,ENSG00000196628,TCF4
PPP5D1_238_TSS_pos_ctrl,PPP5D1,R2,(BC)GTTTAAGAGCTATGCTGGAA,GGGGCGCGGAGGGATCCGT,CRISPR Guide Capture,ENSG00000230510,PPP5D1
TCF4_388_Flashfry_promoter,TCF4;ENST00000537578;ENST00000564403;ENST00000565018;ENST00000568740;ENST00000629387;ENST00000636400::chr18:55589778-55590340(-),R2,(BC)GTTTAAGAGCTATGCTGGAA,GGGGTATCTCACTTCCCTG,CRISPR Guide Capture,ENSG00000196628,TCF4
FOXP1_93_promoter,FOXP1,R2,(BC)GTTTAAGAGCTATGCTGGAA,GGGGTGCGTGAAGCGGAGA,CRISPR Guide Capture,ENSG00000114861,FOXP1
negative_219_Horlbeck_NTC,negative_control,R2,(BC)GTTTAAGAGCTATGCTGGAA,GGTCCGGCTGTGCTATAAA,CRISPR Guide Capture,Non-Targeting,Non-Targeting
UBTF_392_TSS_pos_ctrl,UBTF,R2,(BC)GTTTAAGAGCTATGCTGGAA,GGTCGGTGTGCGCTCTACG,CRISPR Guide Capture,ENSG00000108312,UBTF
SHANK3_268_Flashfry_promoter,SHANK3;ENST00000659388::chr22:50729071-50729571(+),R2,(BC)GTTTAAGAGCTATGCTGGAA,GGTGAGGACAGCCTTTAAG,CRISPR Guide Capture,ENSG00000251322,SHANK3
ANK2_21_Flashfry_promoter,ANK2;ENST00000264366;ENST00000357077;ENST00000394537;ENST00000671727;ENST00000671762;ENST00000672045;ENST00000672251;ENST00000672366;ENST00000672502;ENST00000672779;ENST00000672854::chr4:113049021-113,R2,(BC)GTTTAAGAGCTATGCTGGAA,GTACATTTAGCCAGTCAAG,CRISPR Guide Capture,ENSG00000145362,ANK2
CHD8_56_promoter,CHD8,R2,(BC)GTTTAAGAGCTATGCTGGAA,GTACCCTTCTCATCCTCCT,CRISPR Guide Capture,ENSG00000100888,CHD8
CHD8_77_Flashfry_promoter,CHD8;ENST00000645929;ENST00000646647::chr14:21456091-21456624(-),R2,(BC)GTTTAAGAGCTATGCTGGAA,GTCAAAAAAAGATGCCGAG,CRISPR Guide Capture,ENSG00000100888,CHD8
FOXP1_168_Flashfry_promoter,FOXP1;ENST00000648710::chr3:71359203-71359703(-),R2,(BC)GTTTAAGAGCTATGCTGGAA,GTCAAATGCTGATTCTAGA,CRISPR Guide Capture,ENSG00000114861,FOXP1
ZFR_394_TSS_pos_ctrl,ZFR,R2,(BC)GTTTAAGAGCTATGCTGGAA,GTCACCACCACTTCGGAGA,CRISPR Guide Capture,ENSG00000056097,ZFR
SYNGAP1_293_promoter,SYNGAP1,R2,(BC)GTTTAAGAGCTATGCTGGAA,GTCTGGGGTCTGCATCTTT,CRISPR Guide Capture,ENSG00000197283,SYNGAP1
FOXP1_147_Flashfry_promoter,FOXP1;ENST00000614176;ENST00000650387::chr3:71064927-71065484(-),R2,(BC)GTTTAAGAGCTATGCTGGAA,GTCTTGTCAGCCCGCGAGC,CRISPR Guide Capture,ENSG00000114861,FOXP1
TCF4_379_Flashfry_promoter,TCF4;ENST00000354452;ENST00000356073;ENST00000564999;ENST00000566279;ENST00000566286;ENST00000616053;ENST00000635822::chr18:55588193-55589130(-),R2,(BC)GTTTAAGAGCTATGCTGGAA,GTGCCTCCGAGGGATGCAA,CRISPR Guide Capture,ENSG00000196628,TCF4
ANK2_19_Flashfry_promoter,ANK2;ENST00000505342;ENST00000509550;ENST00000672411;ENST00000672915;ENST00000673048;ENST00000673231;ENST00000673353::chr4:113292337-113293152(+),R2,(BC)GTTTAAGAGCTATGCTGGAA,GTGCTCCCTTAAGAAGGCG,CRISPR Guide Capture,ENSG00000145362,ANK2
TCF4_366_Flashfry_promoter,TCF4;ENST00000544241;ENST00000564228::chr18:55403715-55404496(-),R2,(BC)GTTTAAGAGCTATGCTGGAA,GTGGCCGAATAGCATCGAA,CRISPR Guide Capture,ENSG00000196628,TCF4
ANK2_4_promoter,ANK2,R2,(BC)GTTTAAGAGCTATGCTGGAA,GTGGGGAAGGGGCGCGCAC,CRISPR Guide Capture,ENSG00000145362,ANK2
SHANK3_270_promoter,SHANK3,R2,(BC)GTTTAAGAGCTATGCTGGAA,GTGGTCAGGGCAGCCTAGT,CRISPR Guide Capture,ENSG00000251322,SHANK3
chr12.2823_414_Gasperini_NTC,chr12.2823,R2,(BC)GTTTAAGAGCTATGCTGGAA,GTGGTTGATGGTATCAATG,CRISPR Guide Capture,Non-Targeting,Non-Targeting
GMPR_179_TSS_pos_ctrl,GMPR,R2,(BC)GTTTAAGAGCTATGCTGGAA,GTGTGGCTGCCTTATCCAA,CRISPR Guide Capture,ENSG00000137198,GMPR
negative_228_Horlbeck_NTC,negative_control,R2,(BC)GTTTAAGAGCTATGCTGGAA,GTGTGGTTCAAAAGGTCGT,CRISPR Guide Capture,Non-Targeting,Non-Targeting
FOXP1_115_promoter,FOXP1,R2,(BC)GTTTAAGAGCTATGCTGGAA,GTTACCTCCCCGTCAGAGG,CRISPR Guide Capture,ENSG00000114861,FOXP1
TCF4_343_Flashfry_promoter,TCF4;ENST00000643689::chr18:55352024-55352524(-),R2,(BC)GTTTAAGAGCTATGCTGGAA,GTTCTCAGCGGGTTAACCA,CRISPR Guide Capture,ENSG00000196628,TCF4
FOXP1_129_Flashfry_promoter,FOXP1;ENST00000468577;ENST00000648426::chr3:71198382-71198893(-),R2,(BC)GTTTAAGAGCTATGCTGGAA,GTTTCAGACCCGAAACTAG,CRISPR Guide Capture,ENSG00000114861,FOXP1
chr3.3352_447_Gasperini_enhancer,chr3.3352,R2,(BC)GTTTAAGAGCTATGCTGGAA,GTTTGCTGTGGTTGACCTT,CRISPR Guide Capture,ENSG00000065518,NDUFB4
TCF4_369_Flashfry_promoter,TCF4;ENST00000561831::chr18:55302627-55303127(-),R2,(BC)GTTTAAGAGCTATGCTGGAA,TAAAAGAGGCATTCAGGGA,CRISPR Guide Capture,ENSG00000196628,TCF4
FOXP1_163_Flashfry_promoter,FOXP1;ENST00000648662::chr3:71288370-71288870(-),R2,(BC)GTTTAAGAGCTATGCTGGAA,TAAAGGTGATAGACAGACG,CRISPR Guide Capture,ENSG00000114861,FOXP1
FOXP1_143_Flashfry_promoter,FOXP1;ENST00000498215::chr3:71245365-71245865(-),R2,(BC)GTTTAAGAGCTATGCTGGAA,TAACCTTCAGAGAAAGATG,CRISPR Guide Capture,ENSG00000114861,FOXP1
SCN2A_245_Flashfry_promoter,SCN2A;ENST00000283256::chr2:165293530-165294030(+),R2,(BC)GTTTAAGAGCTATGCTGGAA,TAACTACCACTAGAGGGCG,CRISPR Guide Capture,ENSG00000136531,SCN2A
chr3.5817_456_Gasperini_enhancer,chr3.5817,R2,(BC)GTTTAAGAGCTATGCTGGAA,TAACTCTCTAGGAGAGGAA,CRISPR Guide Capture,ENSG00000072274,TFRC
chr7.1103_484_Gasperini_NTC,chr7.1103,R2,(BC)GTTTAAGAGCTATGCTGGAA,TAACTGTAGAAGTGGGGAG,CRISPR Guide Capture,Non-Targeting,Non-Targeting
FOXP1_159_Flashfry_promoter,FOXP1;ENST00000649431::chr3:71306034-71306534(-),R2,(BC)GTTTAAGAGCTATGCTGGAA,TAAGAACTCACTCGTGGGG,CRISPR Guide Capture,ENSG00000114861,FOXP1
TCF4_382_Flashfry_promoter,TCF4;ENST00000398339::chr18:55636028-55636528(-),R2,(BC)GTTTAAGAGCTATGCTGGAA,TAAGAACTTCTAAATTAAT,CRISPR Guide Capture,ENSG00000196628,TCF4
TCF4_387_Flashfry_promoter,TCF4;ENST00000457482;ENST00000570287;ENST00000637169::chr18:55321641-55322723(-),R2,(BC)GTTTAAGAGCTATGCTGGAA,TAAGAATCGGCATTATTCG,CRISPR Guide Capture,ENSG00000196628,TCF4
chr6.1134_467_Gasperini_enhancer,chr6.1134,R2,(BC)GTTTAAGAGCTATGCTGGAA,TAAGAGACGAACGAAGGAT,CRISPR Guide Capture,ENSG00000112343,TRIM38
negative_188_Horlbeck_NTC,negative_control,R2,(BC)GTTTAAGAGCTATGCTGGAA,TAATGGGCACACCAAGGGG,CRISPR Guide Capture,Non-Targeting,Non-Targeting
FOXP1_160_Flashfry_promoter,FOXP1;ENST00000649431::chr3:71306034-71306534(-),R2,(BC)GTTTAAGAGCTATGCTGGAA,TAATTAAGAACTCACTCGT,CRISPR Guide Capture,ENSG00000114861,FOXP1
chr17.3823_420_Gasperini_enhancer,chr17.3823,R2,(BC)GTTTAAGAGCTATGCTGGAA,TAATTTAGCCCAGGCTCAG,CRISPR Guide Capture,ENSG00000141179,PCTP
chr2.6210_438_Gasperini_NTC,chr2.6210,R2,(BC)GTTTAAGAGCTATGCTGGAA,TACACACAGGACATTTCCC,CRISPR Guide Capture,Non-Targeting,Non-Targeting
chr19.4589_428_Gasperini_enhancer,chr19.4589,R2,(BC)GTTTAAGAGCTATGCTGGAA,TACACATGGACACGCCCAG,CRISPR Guide Capture,ENSG00000104783,KCNN4
chrX.1784_494_Gasperini_NTC,chrX.1784,R2,(BC)GTTTAAGAGCTATGCTGGAA,TACAGAATGAAGCGAACAA,CRISPR Guide Capture,Non-Targeting,Non-Targeting
TCF4_352_Flashfry_promoter,TCF4;ENST00000537856;ENST00000570177::chr18:55401758-55402741(-),R2,(BC)GTTTAAGAGCTATGCTGGAA,TACAGCCATTCCAGCGCAA,CRISPR Guide Capture,ENSG00000196628,TCF4
ANK2_3_promoter,ANK2,R2,(BC)GTTTAAGAGCTATGCTGGAA,TACAGGCGGCACGGTTTGA,CRISPR Guide Capture,ENSG00000145362,ANK2
chr10.1030_403_Gasperini_NTC,chr10.1030,R2,(BC)GTTTAAGAGCTATGCTGGAA,TACATGAAGAACTATCATT,CRISPR Guide Capture,Non-Targeting,Non-Targeting
FOXP1_121_Flashfry_promoter,FOXP1;ENST00000648380::chr3:71493565-71494065(-),R2,(BC)GTTTAAGAGCTATGCTGGAA,TACCTGAAGACTTGATAAT,CRISPR Guide Capture,ENSG00000114861,FOXP1
chr2.6210_437_Gasperini_NTC,chr2.6210,R2,(BC)GTTTAAGAGCTATGCTGGAA,TACGCCCAAAGTTAGAGGC,CRISPR Guide Capture,Non-Targeting,Non-Targeting
chr16.1337_416_Gasperini_enhancer,chr16.1337,R2,(BC)GTTTAAGAGCTATGCTGGAA,TACTGATAGATTGGCTCTT,CRISPR Guide Capture,ENSG00000103381,CPPED1
ANK2_22_Flashfry_promoter,ANK2;ENST00000264366;ENST00000357077;ENST00000394537;ENST00000671727;ENST00000671762;ENST00000672045;ENST00000672251;ENST00000672366;ENST00000672502;ENST00000672779;ENST00000672854::chr4:113049021-113,R2,(BC)GTTTAAGAGCTATGCTGGAA,TACTGTCAGAAGCTTACAT,CRISPR Guide Capture,ENSG00000145362,ANK2
chr6.702_480_Gasperini_enhancer,chr6.702,R2,(BC)GTTTAAGAGCTATGCTGGAA,TACTTCTCGAGAACAAAAT,CRISPR Guide Capture,ENSG00000180537,RNF182
FOXP1_138_Flashfry_promoter,FOXP1;ENST00000484350::chr3:71304761-71305261(-),R2,(BC)GTTTAAGAGCTATGCTGGAA,TAGAAAGCACCATATTCAG,CRISPR Guide Capture,ENSG00000114861,FOXP1
negative_207_Horlbeck_NTC,negative_control,R2,(BC)GTTTAAGAGCTATGCTGGAA,TAGACGCGGCGTAATCGAA,CRISPR Guide Capture,Non-Targeting,Non-Targeting
TCF4_365_Flashfry_promoter,TCF4;ENST00000544241;ENST00000564228::chr18:55403715-55404496(-),R2,(BC)GTTTAAGAGCTATGCTGGAA,TAGAGAAAGTGGAGGCCAT,CRISPR Guide Capture,ENSG00000196628,TCF4
SCN2A_255_Flashfry_promoter,SCN2A;ENST00000637266::chr2:165240559-165241059(+),R2,(BC)GTTTAAGAGCTATGCTGGAA,TAGAGTTTGTAGTTCTACA,CRISPR Guide Capture,ENSG00000136531,SCN2A
SHANK3_281_Flashfry_promoter,SHANK3;ENST00000664402::chr22:50704995-50705495(+),R2,(BC)GTTTAAGAGCTATGCTGGAA,TAGCACCAGGGATCGGGAG,CRISPR Guide Capture,ENSG00000251322,SHANK3
ANK2_27_Flashfry_promoter,ANK2;ENST00000671704;ENST00000671951;ENST00000672221::chr4:112860442-112861064(+),R2,(BC)GTTTAAGAGCTATGCTGGAA,TAGCCATAGGAGCTGCCAA,CRISPR Guide Capture,ENSG00000145362,ANK2
TCF4_346_Flashfry_promoter,TCF4;ENST00000643689::chr18:55352024-55352524(-),R2,(BC)GTTTAAGAGCTATGCTGGAA,TAGCTATATGGCGGTGGAA,CRISPR Guide Capture,ENSG00000196628,TCF4
CHD8_67_promoter,CHD8,R2,(BC)GTTTAAGAGCTATGCTGGAA,TAGCTCGCTGGAAGAGGCC,CRISPR Guide Capture,ENSG00000100888,CHD8
FOXP1_110_promoter,FOXP1,R2,(BC)GTTTAAGAGCTATGCTGGAA,TAGGAATGGCTGAAAAGAC,CRISPR Guide Capture,ENSG00000114861,FOXP1
SYNGAP1_308_Flashfry_promoter,SYNGAP1;ENST00000682587::chr6:33427729-33428229(+),R2,(BC)GTTTAAGAGCTATGCTGGAA,TAGGAGCGCGCGTAGAGGG,CRISPR Guide Capture,ENSG00000197283,SYNGAP1
FOXP1_118_promoter,FOXP1,R2,(BC)GTTTAAGAGCTATGCTGGAA,TAGGAGCTTTCTCCCGGAG,CRISPR Guide Capture,ENSG00000114861,FOXP1
chr9.246_488_Gasperini_enhancer,chr9.246,R2,(BC)GTTTAAGAGCTATGCTGGAA,TAGGGAGAACAGCACCACG,CRISPR Guide Capture,ENSG00000147872,PLIN2
chr6.3216_478_Gasperini_enhancer,chr6.3216,R2,(BC)GTTTAAGAGCTATGCTGGAA,TAGGGCTGCCCTTCCACGG,CRISPR Guide Capture,ENSG00000112759,SLC29A1
TCF4_367_Flashfry_promoter,TCF4;ENST00000561831::chr18:55302627-55303127(-),R2,(BC)GTTTAAGAGCTATGCTGGAA,TAGTAGCTTCTCTCTACTT,CRISPR Guide Capture,ENSG00000196628,TCF4
SCN2A_250_Flashfry_promoter,SCN2A;ENST00000375437;ENST00000631182;ENST00000636071;ENST00000636985::chr2:165238913-165239444(+),R2,(BC)GTTTAAGAGCTATGCTGGAA,TAGTTGATTTCAAATAGAG,CRISPR Guide Capture,ENSG00000136531,SCN2A
FOXP1_170_Flashfry_promoter,FOXP1;ENST00000648710::chr3:71359203-71359703(-),R2,(BC)GTTTAAGAGCTATGCTGGAA,TATATACTGAAGGTAAATG,CRISPR Guide Capture,ENSG00000114861,FOXP1
CHD8_72_Flashfry_promoter,CHD8;ENST00000430710;ENST00000557364;ENST00000643469::chr14:21437246-21437809(-),R2,(BC)GTTTAAGAGCTATGCTGGAA,TATCCGGTTTCTAGGGCCG,CRISPR Guide Capture,ENSG00000100888,CHD8
negative_196_Horlbeck_NTC,negative_control,R2,(BC)GTTTAAGAGCTATGCTGGAA,TATCTTGATCTTAATGCTT,CRISPR Guide Capture,Non-Targeting,Non-Targeting
SCN2A_248_Flashfry_promoter,SCN2A;ENST00000283256::chr2:165293530-165294030(+),R2,(BC)GTTTAAGAGCTATGCTGGAA,TATTGTAACTACCACTAGA,CRISPR Guide Capture,ENSG00000136531,SCN2A
ANK2_28_Flashfry_promoter,ANK2;ENST00000671704;ENST00000671951;ENST00000672221::chr4:112860442-112861064(+),R2,(BC)GTTTAAGAGCTATGCTGGAA,TATTTAATTTAAAGCCTAG,CRISPR Guide Capture,ENSG00000145362,ANK2
SCN2A_242_promoter,SCN2A,R2,(BC)GTTTAAGAGCTATGCTGGAA,TCAAATAGAGTGGAATTAT,CRISPR Guide Capture,ENSG00000136531,SCN2A
SYNGAP1_306_Flashfry_promoter,SYNGAP1;ENST00000418600;ENST00000449372;ENST00000628646;ENST00000629380;ENST00000644458;ENST00000646630::chr6:33419564-33420264(+),R2,(BC)GTTTAAGAGCTATGCTGGAA,TCAAATTACCCCACAGTGG,CRISPR Guide Capture,ENSG00000197283,SYNGAP1
CHD8_82_promoter,CHD8,R2,(BC)GTTTAAGAGCTATGCTGGAA,TCAACCTAACCTGCGGGGG,CRISPR Guide Capture,ENSG00000100888,CHD8
FOXP1_167_Flashfry_promoter,FOXP1;ENST00000648710::chr3:71359203-71359703(-),R2,(BC)GTTTAAGAGCTATGCTGGAA,TCACAACCTGAATTACAGG,CRISPR Guide Capture,ENSG00000114861,FOXP1
negative_190_Horlbeck_NTC,negative_control,R2,(BC)GTTTAAGAGCTATGCTGGAA,TCACGGGATGGGTGCAGCG,CRISPR Guide Capture,Non-Targeting,Non-Targeting
TBR1_314_promoter,TBR1,R2,(BC)GTTTAAGAGCTATGCTGGAA,TCAGCAGCTAACCAATGGC,CRISPR Guide Capture,ENSG00000136535,TBR1
SCN2A_243_promoter,SCN2A,R2,(BC)GTTTAAGAGCTATGCTGGAA,TCCACTTTTGACCAGGAGA,CRISPR Guide Capture,ENSG00000136531,SCN2A
CHD8_61_promoter,CHD8,R2,(BC)GTTTAAGAGCTATGCTGGAA,TCCCCCTCCCCCGCAGGTT,CRISPR Guide Capture,ENSG00000100888,CHD8
BCL11A_37_promoter,BCL11A,R2,(BC)GTTTAAGAGCTATGCTGGAA,TCCCCGCGTGTGGACGCCA,CRISPR Guide Capture,ENSG00000119866,BCL11A
SYNGAP1_302_promoter,SYNGAP1,R2,(BC)GTTTAAGAGCTATGCTGGAA,TCCCTGAAATCATCATCTC,CRISPR Guide Capture,ENSG00000197283,SYNGAP1
ANK2_24_Flashfry_promoter,ANK2;ENST00000264366;ENST00000357077;ENST00000394537;ENST00000671727;ENST00000671762;ENST00000672045;ENST00000672251;ENST00000672366;ENST00000672502;ENST00000672779;ENST00000672854::chr4:113049021-113,R2,(BC)GTTTAAGAGCTATGCTGGAA,TCCGTGTTGAAGTACCTGT,CRISPR Guide Capture,ENSG00000145362,ANK2
FOXP1_177_Flashfry_promoter,FOXP1;ENST00000649610::chr3:71581949-71582449(-),R2,(BC)GTTTAAGAGCTATGCTGGAA,TCCTTATTCTCACAGGGGG,CRISPR Guide Capture,ENSG00000114861,FOXP1
ZC3HAV1_393_TSS_pos_ctrl,ZC3HAV1,R2,(BC)GTTTAAGAGCTATGCTGGAA,TCGCAGGAAGCGCTCGCTA,CRISPR Guide Capture,ENSG00000105939,ZC3HAV1
CHD8_60_promoter,CHD8,R2,(BC)GTTTAAGAGCTATGCTGGAA,TCGCCTCGGCCCTAGAAAC,CRISPR Guide Capture,ENSG00000100888,CHD8
SPRY4_287_TSS_pos_ctrl,SPRY4,R2,(BC)GTTTAAGAGCTATGCTGGAA,TCGCGATTCTATGAATGGG,CRISPR Guide Capture,ENSG00000187678,SPRY4
CHD8_62_promoter,CHD8,R2,(BC)GTTTAAGAGCTATGCTGGAA,TCGGCCCTAGAAACCGGAT,CRISPR Guide Capture,ENSG00000100888,CHD8
negative_206_Horlbeck_NTC,negative_control,R2,(BC)GTTTAAGAGCTATGCTGGAA,TCTAAAGGGGCGTAGCATG,CRISPR Guide Capture,Non-Targeting,Non-Targeting
SYNGAP1_291_promoter,SYNGAP1,R2,(BC)GTTTAAGAGCTATGCTGGAA,TCTCACAATCTGGGCCTCC,CRISPR Guide Capture,ENSG00000197283,SYNGAP1
FOXP1_100_promoter,FOXP1,R2,(BC)GTTTAAGAGCTATGCTGGAA,TCTGCCTCAAAACAGAGTG,CRISPR Guide Capture,ENSG00000114861,FOXP1
TCF4_356_Flashfry_promoter,TCF4;ENST00000540999;ENST00000568673::chr18:55585909-55586606(-),R2,(BC)GTTTAAGAGCTATGCTGGAA,TCTTCTTCGACGTATCTAG,CRISPR Guide Capture,ENSG00000196628,TCF4
SPZ1_288_TSS_pos_ctrl,SPZ1,R2,(BC)GTTTAAGAGCTATGCTGGAA,TCTTTCTGGCATGAGGAGT,CRISPR Guide Capture,ENSG00000164299,SPZ1
FOXP1_153_Flashfry_promoter,FOXP1;ENST00000622151::chr3:71210870-71211370(-),R2,(BC)GTTTAAGAGCTATGCTGGAA,TGAAAACTAGGCTAAACCT,CRISPR Guide Capture,ENSG00000114861,FOXP1
SYNGAP1_303_Flashfry_promoter,SYNGAP1;ENST00000418600;ENST00000449372;ENST00000628646;ENST00000629380;ENST00000644458;ENST00000646630::chr6:33419564-33420264(+),R2,(BC)GTTTAAGAGCTATGCTGGAA,TGAAAATCCAGTCTAAAAA,CRISPR Guide Capture,ENSG00000197283,SYNGAP1
SCN2A_251_Flashfry_promoter,SCN2A;ENST00000375437;ENST00000631182;ENST00000636071;ENST00000636985::chr2:165238913-165239444(+),R2,(BC)GTTTAAGAGCTATGCTGGAA,TGAACATCACATCTCTTTG,CRISPR Guide Capture,ENSG00000136531,SCN2A
negative_212_Horlbeck_NTC,negative_control,R2,(BC)GTTTAAGAGCTATGCTGGAA,TGAAGATGGACAAAGAGGG,CRISPR Guide Capture,Non-Targeting,Non-Targeting
FOXP1_174_Flashfry_promoter,FOXP1;ENST00000649592;ENST00000650188::chr3:71132100-71132712(-),R2,(BC)GTTTAAGAGCTATGCTGGAA,TGACTTTATTGAAAATAAG,CRISPR Guide Capture,ENSG00000114861,FOXP1
ANK2_6_promoter,ANK2,R2,(BC)GTTTAAGAGCTATGCTGGAA,TGAGAGCTGATCCTATCAA,CRISPR Guide Capture,ENSG00000145362,ANK2
BCL11A_45_Flashfry_promoter,BCL11A;ENST00000335712;ENST00000356842;ENST00000358510;ENST00000359629;ENST00000409351;ENST00000642384;ENST00000642439;ENST00000643004;ENST00000643716::chr2:60553410-60554159(-),R2,(BC)GTTTAAGAGCTATGCTGGAA,TGAGCTGCAAGTTCAAGTG,CRISPR Guide Capture,ENSG00000119866,BCL11A
SCN2A_256_Flashfry_promoter,SCN2A;ENST00000637266::chr2:165240559-165241059(+),R2,(BC)GTTTAAGAGCTATGCTGGAA,TGATGGTGGAGGTGGCAGG,CRISPR Guide Capture,ENSG00000136531,SCN2A
chr6.1134_468_Gasperini_enhancer,chr6.1134,R2,(BC)GTTTAAGAGCTATGCTGGAA,TGATTTAAGAGACGAACGA,CRISPR Guide Capture,ENSG00000112343,TRIM38
SHANK3_266_Flashfry_promoter,SHANK3;ENST00000659388::chr22:50729071-50729571(+),R2,(BC)GTTTAAGAGCTATGCTGGAA,TGCAGGTGAACCACAAGCG,CRISPR Guide Capture,ENSG00000251322,SHANK3
ANK2_15_Flashfry_promoter,ANK2;ENST00000503423;ENST00000506722;ENST00000671756;ENST00000671793;ENST00000671809;ENST00000671825;ENST00000671854;ENST00000671893;ENST00000671906;ENST00000672068;ENST00000672088;ENST00000672090;ENS,R2,(BC)GTTTAAGAGCTATGCTGGAA,TGCCAAGATGCCAATGCCG,CRISPR Guide Capture,ENSG00000145362,ANK2
chr10.805_405_Gasperini_NTC,chr10.805,R2,(BC)GTTTAAGAGCTATGCTGGAA,TGCCAAGCTCAATTGTCCT,CRISPR Guide Capture,Non-Targeting,Non-Targeting
TBR1_325_promoter,TBR1,R2,(BC)GTTTAAGAGCTATGCTGGAA,TGCCATGATCGTCGCTACC,CRISPR Guide Capture,ENSG00000136535,TBR1
TCF4_332_promoter,TCF4,R2,(BC)GTTTAAGAGCTATGCTGGAA,TGCCCGTTGCATCCCTCGG,CRISPR Guide Capture,ENSG00000196628,TCF4
TCF4_327_promoter,TCF4,R2,(BC)GTTTAAGAGCTATGCTGGAA,TGCCTCCGAGGGATGCAAC,CRISPR Guide Capture,ENSG00000196628,TCF4
chr19.4589_427_Gasperini_enhancer,chr19.4589,R2,(BC)GTTTAAGAGCTATGCTGGAA,TGCGTGTCTCGCTTCCCTG,CRISPR Guide Capture,ENSG00000104783,KCNN4
chr3.4308_451_Gasperini_NTC,chr3.4308,R2,(BC)GTTTAAGAGCTATGCTGGAA,TGCTACACCCAGAGCAAAG,CRISPR Guide Capture,Non-Targeting,Non-Targeting
ANK2_16_Flashfry_promoter,ANK2;ENST00000505342;ENST00000509550;ENST00000672411;ENST00000672915;ENST00000673048;ENST00000673231;ENST00000673353::chr4:113292337-113293152(+),R2,(BC)GTTTAAGAGCTATGCTGGAA,TGCTCCCTTAAGAAGGCGA,CRISPR Guide Capture,ENSG00000145362,ANK2
chr6.918_482_Gasperini_NTC,chr6.918,R2,(BC)GTTTAAGAGCTATGCTGGAA,TGCTGAAAGACAAGAAAGA,CRISPR Guide Capture,Non-Targeting,Non-Targeting
BCL11A_33_promoter,BCL11A,R2,(BC)GTTTAAGAGCTATGCTGGAA,TGGACATGAAAAAGAGACC,CRISPR Guide Capture,ENSG00000119866,BCL11A
negative_201_Horlbeck_NTC,negative_control,R2,(BC)GTTTAAGAGCTATGCTGGAA,TGGAGTAGGTTAGATCCAA,CRISPR Guide Capture,Non-Targeting,Non-Targeting
TCF4_349_Flashfry_promoter,TCF4;ENST00000675707::chr18:55423758-55424258(-),R2,(BC)GTTTAAGAGCTATGCTGGAA,TGGCTCCTGTAAAGAGAGG,CRISPR Guide Capture,ENSG00000196628,TCF4
FOXP1_116_promoter,FOXP1,R2,(BC)GTTTAAGAGCTATGCTGGAA,TGGCTTGGCCTCCTCTGAC,CRISPR Guide Capture,ENSG00000114861,FOXP1
BCL11A_32_promoter,BCL11A,R2,(BC)GTTTAAGAGCTATGCTGGAA,TGGGTGTGCGTACGGAGGA,CRISPR Guide Capture,ENSG00000119866,BCL11A
ANK2_20_Flashfry_promoter,ANK2;ENST00000671704;ENST00000671951;ENST00000672221::chr4:112860442-112861064(+),R2,(BC)GTTTAAGAGCTATGCTGGAA,TGGGTTTAATGAGTACCAG,CRISPR Guide Capture,ENSG00000145362,ANK2
SCN2A_246_Flashfry_promoter,SCN2A;ENST00000283256::chr2:165293530-165294030(+),R2,(BC)GTTTAAGAGCTATGCTGGAA,TGTAACTACCACTAGAGGG,CRISPR Guide Capture,ENSG00000136531,SCN2A
negative_217_Horlbeck_NTC,negative_control,R2,(BC)GTTTAAGAGCTATGCTGGAA,TGTACCGGGTAATGCTGCT,CRISPR Guide Capture,Non-Targeting,Non-Targeting
negative_210_Horlbeck_NTC,negative_control,R2,(BC)GTTTAAGAGCTATGCTGGAA,TGTCGGACTGTGAAGATTA,CRISPR Guide Capture,Non-Targeting,Non-Targeting
chr1.5287_399_Gasperini_NTC,chr1.5287,R2,(BC)GTTTAAGAGCTATGCTGGAA,TGTCTGCTCCAGATTCCAG,CRISPR Guide Capture,Non-Targeting,Non-Targeting
chr7.1103_483_Gasperini_NTC,chr7.1103,R2,(BC)GTTTAAGAGCTATGCTGGAA,TGTCTGTGCAGCAGTCAGA,CRISPR Guide Capture,Non-Targeting,Non-Targeting
BCL11A_47_Flashfry_promoter,BCL11A;ENST00000489516::chr2:60550926-60551426(-),R2,(BC)GTTTAAGAGCTATGCTGGAA,TTAAAGGACCACCTATACT,CRISPR Guide Capture,ENSG00000119866,BCL11A
JMJD1C_184_TSS_pos_ctrl,JMJD1C,R2,(BC)GTTTAAGAGCTATGCTGGAA,TTACTAGTGATTACTCATT,CRISPR Guide Capture,ENSG00000171988,JMJD1C
SHANK3_264_Flashfry_promoter,SHANK3;ENST00000262795;ENST00000445220::chr22:50674141-50674891(+),R2,(BC)GTTTAAGAGCTATGCTGGAA,TTACTTGCGGGGTCCCGGG,CRISPR Guide Capture,ENSG00000251322,SHANK3
chr17.5545_426_Gasperini_NTC,chr17.5545,R2,(BC)GTTTAAGAGCTATGCTGGAA,TTAGCTGTGGACTTCTCAC,CRISPR Guide Capture,Non-Targeting,Non-Targeting
DNMT3B_83_TSS_pos_ctrl,DNMT3B,R2,(BC)GTTTAAGAGCTATGCTGGAA,TTAGGGCTTCTGATCCCCC,CRISPR Guide Capture,ENSG00000088305,DNMT3B
FOXP1_178_Flashfry_promoter,FOXP1;ENST00000649610::chr3:71581949-71582449(-),R2,(BC)GTTTAAGAGCTATGCTGGAA,TTAGTCCTTATTCTCACAG,CRISPR Guide Capture,ENSG00000114861,FOXP1
FOXP1_172_Flashfry_promoter,FOXP1;ENST00000649592;ENST00000650188::chr3:71132100-71132712(-),R2,(BC)GTTTAAGAGCTATGCTGGAA,TTATTATGCAAAAAAAGAG,CRISPR Guide Capture,ENSG00000114861,FOXP1
chr2.1584_431_Gasperini_NTC,chr2.1584,R2,(BC)GTTTAAGAGCTATGCTGGAA,TTCAAAGATGGGTAAGCAA,CRISPR Guide Capture,Non-Targeting,Non-Targeting
TCF4_374_Flashfry_promoter,TCF4;ENST00000561992;ENST00000626584::chr18:55422357-55422993(-),R2,(BC)GTTTAAGAGCTATGCTGGAA,TTCACCCAAAAATGCTGAT,CRISPR Guide Capture,ENSG00000196628,TCF4
negative_192_Horlbeck_NTC,negative_control,R2,(BC)GTTTAAGAGCTATGCTGGAA,TTCACGCAGAAGAGAGGCG,CRISPR Guide Capture,Non-Targeting,Non-Targeting
negative_197_Horlbeck_NTC,negative_control,R2,(BC)GTTTAAGAGCTATGCTGGAA,TTCCGTGCAGCCGGAAAGC,CRISPR Guide Capture,Non-Targeting,Non-Targeting
CCND2_54_TSS_pos_ctrl,CCND2,R2,(BC)GTTTAAGAGCTATGCTGGAA,TTCTCCTTAATAACGAGAG,CRISPR Guide Capture,ENSG00000118971,CCND2
chr5.1314_461_Gasperini_enhancer,chr5.1314,R2,(BC)GTTTAAGAGCTATGCTGGAA,TTCTTCCGCATCTGGAAGA,CRISPR Guide Capture,ENSG00000178996,SNX18
chrX.1291_492_Gasperini_NTC,chrX.1291,R2,(BC)GTTTAAGAGCTATGCTGGAA,TTGAACTCTCCAAGTCAGT,CRISPR Guide Capture,Non-Targeting,Non-Targeting
TBR1_317_Flashfry_promoter,TBR1;ENST00000389554::chr2:161415796-161416296(+),R2,(BC)GTTTAAGAGCTATGCTGGAA,TTGAATCTTCCTAAAGCAG,CRISPR Guide Capture,ENSG00000136535,TBR1
FOXP1_120_Flashfry_promoter,FOXP1;ENST00000648380::chr3:71493565-71494065(-),R2,(BC)GTTTAAGAGCTATGCTGGAA,TTGATGTATTGACATACCC,CRISPR Guide Capture,ENSG00000114861,FOXP1
FOXP1_123_Flashfry_promoter,FOXP1;ENST00000318779;ENST00000318789;ENST00000493089;ENST00000615603;ENST00000648718;ENST00000649528;ENST00000649596;ENST00000649631::chr3:71583600-71584490(-),R2,(BC)GTTTAAGAGCTATGCTGGAA,TTGCACGCTGTACTCGCGG,CRISPR Guide Capture,ENSG00000114861,FOXP1
chrX.1291_491_Gasperini_NTC,chrX.1291,R2,(BC)GTTTAAGAGCTATGCTGGAA,TTGCAGGCTTAGCCTACCA,CRISPR Guide Capture,Non-Targeting,Non-Targeting
TCF4_371_Flashfry_promoter,TCF4;ENST00000561992;ENST00000626584::chr18:55422357-55422993(-),R2,(BC)GTTTAAGAGCTATGCTGGAA,TTGCATTATGGAAAATCGG,CRISPR Guide Capture,ENSG00000196628,TCF4
TCF4_360_Flashfry_promoter,TCF4;ENST00000543082::chr18:55510773-55511273(-),R2,(BC)GTTTAAGAGCTATGCTGGAA,TTGCCAGCTTGATGCGTAA,CRISPR Guide Capture,ENSG00000196628,TCF4
TCF4_345_Flashfry_promoter,TCF4;ENST00000643689::chr18:55352024-55352524(-),R2,(BC)GTTTAAGAGCTATGCTGGAA,TTGGATGAGTCATATATAA,CRISPR Guide Capture,ENSG00000196628,TCF4
FOXP1_111_promoter,FOXP1,R2,(BC)GTTTAAGAGCTATGCTGGAA,TTGGCCTCCTCTGACGGGG,CRISPR Guide Capture,ENSG00000114861,FOXP1
CHD8_74_Flashfry_promoter,CHD8;ENST00000645929;ENST00000646647::chr14:21456091-21456624(-),R2,(BC)GTTTAAGAGCTATGCTGGAA,TTGGCGGATGGGAGCGCAG,CRISPR Guide Capture,ENSG00000100888,CHD8
SCN2A_254_Flashfry_promoter,SCN2A;ENST00000637266::chr2:165240559-165241059(+),R2,(BC)GTTTAAGAGCTATGCTGGAA,TTGTAATTGAGAGATAAGG,CRISPR Guide Capture,ENSG00000136531,SCN2A
SCN2A_252_Flashfry_promoter,SCN2A;ENST00000375437;ENST00000631182;ENST00000636071;ENST00000636985::chr2:165238913-165239444(+),R2,(BC)GTTTAAGAGCTATGCTGGAA,TTGTGTTGCTATTGTTTGG,CRISPR Guide Capture,ENSG00000136531,SCN2A
chr5.1395_464_Gasperini_NTC,chr5.1395,R2,(BC)GTTTAAGAGCTATGCTGGAA,TTTATTTAGAGGTGCTGGC,CRISPR Guide Capture,Non-Targeting,Non-Targeting
TBR1_323_promoter,TBR1,R2,(BC)GTTTAAGAGCTATGCTGGAA,TTTCCCTGGGAGAAGAGAT,CRISPR Guide Capture,ENSG00000136535,TBR1
TCF4_354_Flashfry_promoter,TCF4;ENST00000537856;ENST00000570177::chr18:55401758-55402741(-),R2,(BC)GTTTAAGAGCTATGCTGGAA,TTTCTGAGGGTCAAGGCGG,CRISPR Guide Capture,ENSG00000196628,TCF4
TCF4_385_Flashfry_promoter,TCF4;ENST00000457482;ENST00000570287;ENST00000637169::chr18:55321641-55322723(-),R2,(BC)GTTTAAGAGCTATGCTGGAA,TTTGCATATTCACCACGCT,CRISPR Guide Capture,ENSG00000196628,TCF4
FOXP1_140_Flashfry_promoter,FOXP1;ENST00000491238;ENST00000497355;ENST00000648748;ENST00000649695;ENST00000674446::chr3:71130593-71131888(-),R2,(BC)GTTTAAGAGCTATGCTGGAA,TTTGTAGGCAACCTCAGGG,CRISPR Guide Capture,ENSG00000114861,FOXP1